[
  {
    "id": "the-university-of-melbourne",
    "name": "The University of Melbourne",
    "country": "australia",
    "countryDisplay": "Australia",
    "city": "Melbourne",
    "studyLevels": "",
    "type": "",
    "popularity": "",
    "whySelected": "",
    "costBand": "",
    "visaRiskNotes": "Student visa assessment can be strict and evidence of genuine study intent and finances matters. (Reuters)",
    "operationalConfidence": "Safe",
    "sourceUrl": "https://www.unimelb.edu.au (teqsa.gov.au)",
    "lastChecked": 46071,
    "confidence": "Medium"
  },
  {
    "id": "the-university-of-sydney",
    "name": "The University of Sydney",
    "country": "australia",
    "countryDisplay": "Australia",
    "city": "Sydney",
    "studyLevels": "",
    "type": "",
    "popularity": "",
    "whySelected": "",
    "costBand": "",
    "visaRiskNotes": "Visa scrutiny can be higher for high demand metro locations, therefore documentation quality matters. (Reuters)",
    "operationalConfidence": "Safe",
    "sourceUrl": "https://www.sydney.edu.au",
    "lastChecked": 46071,
    "confidence": "Medium"
  },
  {
    "id": "the-australian-national-university",
    "name": "The Australian National University",
    "country": "australia",
    "countryDisplay": "Australia",
    "city": "Canberra",
    "studyLevels": "",
    "type": "",
    "popularity": "",
    "whySelected": "",
    "costBand": "",
    "visaRiskNotes": "Decisions can be sensitive to academic progression and genuine temporary entrant factors. (Reuters)",
    "operationalConfidence": "Safe",
    "sourceUrl": "https://www.anu.edu.au",
    "lastChecked": 46071,
    "confidence": "Medium"
  },
  {
    "id": "the-university-of-new-south-wales",
    "name": "The University of New South Wales",
    "country": "australia",
    "countryDisplay": "Australia",
    "city": "Sydney",
    "studyLevels": "",
    "type": "",
    "popularity": "",
    "whySelected": "",
    "costBand": "",
    "visaRiskNotes": "Metro location and high demand can increase scrutiny, therefore avoid weak financial documentation. (Reuters)",
    "operationalConfidence": "Safe",
    "sourceUrl": "https://www.unsw.edu.au",
    "lastChecked": 46071,
    "confidence": "Medium"
  },
  {
    "id": "monash-university",
    "name": "Monash University",
    "country": "australia",
    "countryDisplay": "Australia",
    "city": "Melbourne",
    "studyLevels": "",
    "type": "",
    "popularity": "",
    "whySelected": "",
    "costBand": "",
    "visaRiskNotes": "Standard student visa scrutiny applies, therefore consistency across course choice, finances, and profile matters. (Reuters)",
    "operationalConfidence": "Safe",
    "sourceUrl": "https://www.monash.edu",
    "lastChecked": 46071,
    "confidence": "Medium"
  },
  {
    "id": "the-university-of-queensland",
    "name": "The University of Queensland",
    "country": "australia",
    "countryDisplay": "Australia",
    "city": "Brisbane",
    "studyLevels": "",
    "type": "",
    "popularity": "",
    "whySelected": "",
    "costBand": "",
    "visaRiskNotes": "Evidence requirements and compliance expectations apply across providers. (Reuters)",
    "operationalConfidence": "Safe",
    "sourceUrl": "https://www.uq.edu.au",
    "lastChecked": 46071,
    "confidence": "Medium"
  },
  {
    "id": "the-university-of-adelaide",
    "name": "The University of Adelaide",
    "country": "australia",
    "countryDisplay": "Australia",
    "city": "Adelaide",
    "studyLevels": "",
    "type": "",
    "popularity": "",
    "whySelected": "",
    "costBand": "",
    "visaRiskNotes": "Regional choices can help budget, however visa assessment still focuses on genuineness and finances. (Reuters)",
    "operationalConfidence": "Safe",
    "sourceUrl": "https://www.adelaide.edu.au",
    "lastChecked": 46071,
    "confidence": "Medium"
  },
  {
    "id": "the-university-of-western-australia",
    "name": "The University of Western Australia",
    "country": "australia",
    "countryDisplay": "Australia",
    "city": "Perth",
    "studyLevels": "",
    "type": "",
    "popularity": "",
    "whySelected": "",
    "costBand": "",
    "visaRiskNotes": "No visa guarantees, therefore keep course choice aligned with academic background and intent. (Reuters)",
    "operationalConfidence": "Safe",
    "sourceUrl": "https://www.uwa.edu.au",
    "lastChecked": 46071,
    "confidence": "Medium"
  },
  {
    "id": "the-university-of-technology-sydney",
    "name": "The University of Technology Sydney",
    "country": "australia",
    "countryDisplay": "Australia",
    "city": "Sydney",
    "studyLevels": "",
    "type": "",
    "popularity": "",
    "whySelected": "",
    "costBand": "",
    "visaRiskNotes": "Metro cost and demand can raise scrutiny, therefore show clear funding plan. (Reuters)",
    "operationalConfidence": "Safe",
    "sourceUrl": "https://www.uts.edu.au",
    "lastChecked": 46071,
    "confidence": "Medium"
  },
  {
    "id": "rmit-university",
    "name": "RMIT University",
    "country": "australia",
    "countryDisplay": "Australia",
    "city": "Melbourne",
    "studyLevels": "",
    "type": "",
    "popularity": "",
    "whySelected": "",
    "costBand": "",
    "visaRiskNotes": "Standard student visa scrutiny applies, therefore academic progression and documentation matter. (Reuters)",
    "operationalConfidence": "Safe",
    "sourceUrl": "https://www.rmit.edu.au",
    "lastChecked": 46071,
    "confidence": "Medium"
  },
  {
    "id": "queensland-university-of-technology",
    "name": "Queensland University of Technology",
    "country": "australia",
    "countryDisplay": "Australia",
    "city": "Brisbane",
    "studyLevels": "",
    "type": "",
    "popularity": "",
    "whySelected": "",
    "costBand": "",
    "visaRiskNotes": "Visa decisions remain case by case, therefore avoid weak course rationale. (Reuters)",
    "operationalConfidence": "Safe",
    "sourceUrl": "https://www.qut.edu.au",
    "lastChecked": 46071,
    "confidence": "Medium"
  },
  {
    "id": "deakin-university",
    "name": "Deakin University",
    "country": "australia",
    "countryDisplay": "Australia",
    "city": "Geelong",
    "studyLevels": "",
    "type": "",
    "popularity": "",
    "whySelected": "",
    "costBand": "",
    "visaRiskNotes": "Provider reputation helps, however GTE and finances still matter. (Reuters)",
    "operationalConfidence": "Safe",
    "sourceUrl": "https://www.deakin.edu.au",
    "lastChecked": 46071,
    "confidence": "Medium"
  },
  {
    "id": "swinburne-university-of-technology",
    "name": "Swinburne University of Technology",
    "country": "australia",
    "countryDisplay": "Australia",
    "city": "Melbourne",
    "studyLevels": "",
    "type": "",
    "popularity": "",
    "whySelected": "",
    "costBand": "",
    "visaRiskNotes": "Metro living costs can be high, therefore budgeting evidence matters. (Study Australia)",
    "operationalConfidence": "Safe",
    "sourceUrl": "https://www.swinburne.edu.au",
    "lastChecked": 46071,
    "confidence": "Medium"
  },
  {
    "id": "macquarie-university",
    "name": "Macquarie University",
    "country": "australia",
    "countryDisplay": "Australia",
    "city": "Sydney",
    "studyLevels": "",
    "type": "",
    "popularity": "",
    "whySelected": "",
    "costBand": "",
    "visaRiskNotes": "Metro scrutiny and cost realities apply, therefore show realistic living and tuition plan. (Study Australia)",
    "operationalConfidence": "Safe",
    "sourceUrl": "https://www.mq.edu.au",
    "lastChecked": 46071,
    "confidence": "Medium"
  },
  {
    "id": "curtin-university",
    "name": "Curtin University",
    "country": "australia",
    "countryDisplay": "Australia",
    "city": "Perth",
    "studyLevels": "",
    "type": "",
    "popularity": "",
    "whySelected": "",
    "costBand": "",
    "visaRiskNotes": "Standard student visa scrutiny applies, therefore course fit and finances need to be defensible. (Reuters)",
    "operationalConfidence": "Safe",
    "sourceUrl": "https://www.curtin.edu.au",
    "lastChecked": 46071,
    "confidence": "Medium"
  },
  {
    "id": "griffith-university",
    "name": "Griffith University",
    "country": "australia",
    "countryDisplay": "Australia",
    "city": "Gold Coast",
    "studyLevels": "",
    "type": "",
    "popularity": "",
    "whySelected": "",
    "costBand": "",
    "visaRiskNotes": "Lifestyle locations can raise intent questions, therefore keep study rationale strong. (Reuters)",
    "operationalConfidence": "Safe",
    "sourceUrl": "https://www.griffith.edu.au",
    "lastChecked": 46071,
    "confidence": "Medium"
  },
  {
    "id": "the-university-of-newcastle",
    "name": "The University of Newcastle",
    "country": "australia",
    "countryDisplay": "Australia",
    "city": "Newcastle",
    "studyLevels": "",
    "type": "",
    "popularity": "",
    "whySelected": "",
    "costBand": "",
    "visaRiskNotes": "Regional study can reduce living costs, however visa assessment remains evidence based. (Study Australia)",
    "operationalConfidence": "Safe",
    "sourceUrl": "https://www.newcastle.edu.au",
    "lastChecked": 46071,
    "confidence": "Medium"
  },
  {
    "id": "university-of-wollongong",
    "name": "University of Wollongong",
    "country": "australia",
    "countryDisplay": "Australia",
    "city": "Wollongong",
    "studyLevels": "",
    "type": "",
    "popularity": "",
    "whySelected": "",
    "costBand": "",
    "visaRiskNotes": "Coastal regional location can be fine, however intent and finances must be consistent. (Reuters)",
    "operationalConfidence": "Safe",
    "sourceUrl": "https://www.uow.edu.au",
    "lastChecked": 46071,
    "confidence": "Medium"
  },
  {
    "id": "la-trobe-university",
    "name": "La Trobe University",
    "country": "australia",
    "countryDisplay": "Australia",
    "city": "Melbourne",
    "studyLevels": "",
    "type": "",
    "popularity": "",
    "whySelected": "",
    "costBand": "",
    "visaRiskNotes": "Metro costs can be significant, therefore show credible budgeting. (Study Australia)",
    "operationalConfidence": "Safe",
    "sourceUrl": "https://www.latrobe.edu.au",
    "lastChecked": 46071,
    "confidence": "Medium"
  },
  {
    "id": "the-university-of-tasmania",
    "name": "The University of Tasmania",
    "country": "australia",
    "countryDisplay": "Australia",
    "city": "Hobart",
    "studyLevels": "",
    "type": "",
    "popularity": "",
    "whySelected": "",
    "costBand": "",
    "visaRiskNotes": "Regional study can support cost control, however compliance and evidence standards still apply. (Study Australia)",
    "operationalConfidence": "Safe",
    "sourceUrl": "https://www.utas.edu.au",
    "lastChecked": 46071,
    "confidence": "Medium"
  },
  {
    "id": "university-of-south-australia",
    "name": "University of South Australia",
    "country": "australia",
    "countryDisplay": "Australia",
    "city": "Adelaide",
    "studyLevels": "",
    "type": "",
    "popularity": "",
    "whySelected": "",
    "costBand": "",
    "visaRiskNotes": "Standard student visa scrutiny applies, therefore avoid weak documentation and unclear course choice. (Reuters)",
    "operationalConfidence": "Safe",
    "sourceUrl": "https://www.unisa.edu.au",
    "lastChecked": 46071,
    "confidence": "Medium"
  },
  {
    "id": "flinders-university",
    "name": "Flinders University",
    "country": "australia",
    "countryDisplay": "Australia",
    "city": "Adelaide",
    "studyLevels": "",
    "type": "",
    "popularity": "",
    "whySelected": "",
    "costBand": "",
    "visaRiskNotes": "Case by case assessment, therefore ensure course plan is credible and consistent. (Reuters)",
    "operationalConfidence": "Safe",
    "sourceUrl": "https://www.flinders.edu.au",
    "lastChecked": 46071,
    "confidence": "Medium"
  },
  {
    "id": "western-sydney-university",
    "name": "Western Sydney University",
    "country": "australia",
    "countryDisplay": "Australia",
    "city": "Sydney",
    "studyLevels": "",
    "type": "",
    "popularity": "",
    "whySelected": "",
    "costBand": "",
    "visaRiskNotes": "Budgeting should reflect Australian Government living cost expectations used in visa processes. (Western Sydney University: Home)",
    "operationalConfidence": "Safe",
    "sourceUrl": "https://www.westernsydney.edu.au",
    "lastChecked": 46071,
    "confidence": "Medium"
  },
  {
    "id": "australian-catholic-university",
    "name": "Australian Catholic University",
    "country": "australia",
    "countryDisplay": "Australia",
    "city": "Melbourne",
    "studyLevels": "",
    "type": "",
    "popularity": "",
    "whySelected": "",
    "costBand": "",
    "visaRiskNotes": "Lower selectivity does not remove visa scrutiny, therefore keep profile and intent strong. (Reuters)",
    "operationalConfidence": "Safe",
    "sourceUrl": "https://www.acu.edu.au",
    "lastChecked": 46071,
    "confidence": "Medium"
  },
  {
    "id": "james-cook-university",
    "name": "James Cook University",
    "country": "australia",
    "countryDisplay": "Australia",
    "city": "Townsville",
    "studyLevels": "",
    "type": "",
    "popularity": "",
    "whySelected": "",
    "costBand": "",
    "visaRiskNotes": "Regional location can help costs, however visa assessment remains evidence driven. (Study Australia)",
    "operationalConfidence": "Safe",
    "sourceUrl": "https://www.jcu.edu.au",
    "lastChecked": 46071,
    "confidence": "Medium"
  },
  {
    "id": "charles-darwin-university",
    "name": "Charles Darwin University",
    "country": "australia",
    "countryDisplay": "Australia",
    "city": "Darwin",
    "studyLevels": "",
    "type": "",
    "popularity": "",
    "whySelected": "",
    "costBand": "",
    "visaRiskNotes": "Smaller intake can still be viable, however provide strong rationale for location and program. (Reuters)",
    "operationalConfidence": "Safe",
    "sourceUrl": "https://www.cdu.edu.au",
    "lastChecked": 46071,
    "confidence": "Low"
  },
  {
    "id": "murdoch-university",
    "name": "Murdoch University",
    "country": "australia",
    "countryDisplay": "Australia",
    "city": "Perth",
    "studyLevels": "",
    "type": "",
    "popularity": "",
    "whySelected": "",
    "costBand": "",
    "visaRiskNotes": "Lower selectivity can increase GTE scrutiny, therefore documentation and intent clarity matter. (Reuters)",
    "operationalConfidence": "Safe",
    "sourceUrl": "https://www.murdoch.edu.au",
    "lastChecked": 46071,
    "confidence": "Low"
  },
  {
    "id": "victoria-university",
    "name": "Victoria University",
    "country": "australia",
    "countryDisplay": "Australia",
    "city": "Melbourne",
    "studyLevels": "",
    "type": "",
    "popularity": "",
    "whySelected": "",
    "costBand": "",
    "visaRiskNotes": "Lower tuition profiles can still be questioned, therefore keep course progression and finances consistent. (Reuters)",
    "operationalConfidence": "Use_with_Caution",
    "sourceUrl": "https://www.vu.edu.au",
    "lastChecked": 46071,
    "confidence": "Low"
  },
  {
    "id": "bond-university",
    "name": "Bond University",
    "country": "australia",
    "countryDisplay": "Australia",
    "city": "Gold Coast",
    "studyLevels": "",
    "type": "",
    "popularity": "",
    "whySelected": "",
    "costBand": "",
    "visaRiskNotes": "Private provider is legitimate, however visa scrutiny can increase if profile and course fit look weak. (Reuters)",
    "operationalConfidence": "Safe",
    "sourceUrl": "https://bond.edu.au",
    "lastChecked": 46071,
    "confidence": "Low"
  },
  {
    "id": "torrens-university-australia",
    "name": "Torrens University Australia",
    "country": "australia",
    "countryDisplay": "Australia",
    "city": "Adelaide",
    "studyLevels": "",
    "type": "",
    "popularity": "",
    "whySelected": "",
    "costBand": "",
    "visaRiskNotes": "Private providers can face higher scrutiny and outcomes vary, therefore treat as higher risk and verify program recognition and fit carefully. (Reuters)",
    "operationalConfidence": "Use_with_Caution",
    "sourceUrl": "https://www.torrens.edu.au",
    "lastChecked": 46071,
    "confidence": "Low"
  },
  {
    "id": "kaplan-business-school",
    "name": "Kaplan Business School",
    "country": "australia",
    "countryDisplay": "Australia",
    "city": "Adelaide",
    "studyLevels": "",
    "type": "",
    "popularity": "",
    "whySelected": "",
    "costBand": "",
    "visaRiskNotes": "Private business focused providers can attract higher visa scrutiny, therefore only consider with strong academics, finances, and credible career rationale. (Reuters)",
    "operationalConfidence": "Do_Not_Recommend",
    "sourceUrl": "https://www.kbs.edu.au",
    "lastChecked": 46071,
    "confidence": "Low"
  }
]