[
  {
    "id": "university-of-vienna",
    "name": "University of Vienna",
    "country": "austria",
    "countryDisplay": "Austria",
    "city": "Vienna",
    "studyLevels": "",
    "type": "",
    "popularity": "",
    "whySelected": "",
    "costBand": "",
    "visaRiskNotes": "Residence permit decisions can scrutinize academic fit, funding proof, and intent; English track availability varies by faculty.",
    "operationalConfidence": "Safe",
    "sourceUrl": "https://www.univie.ac.at/en/",
    "lastChecked": 46071,
    "confidence": "Medium"
  },
  {
    "id": "vienna-university-of-technology",
    "name": "Vienna University of Technology",
    "country": "austria",
    "countryDisplay": "Austria",
    "city": "Vienna",
    "studyLevels": "",
    "type": "",
    "popularity": "",
    "whySelected": "",
    "costBand": "",
    "visaRiskNotes": "Technical programmes are credible, but documentation and funds checks can be strict; most UG is German.",
    "operationalConfidence": "Safe",
    "sourceUrl": "https://www.tuwien.at/en/",
    "lastChecked": 46071,
    "confidence": "High"
  },
  {
    "id": "graz-university-of-technology",
    "name": "Graz University of Technology",
    "country": "austria",
    "countryDisplay": "Austria",
    "city": "Graz",
    "studyLevels": "",
    "type": "",
    "popularity": "",
    "whySelected": "",
    "costBand": "",
    "visaRiskNotes": "Non EU students should expect careful review of academics and financial coverage; UG largely local language.",
    "operationalConfidence": "Safe",
    "sourceUrl": "https://www.tugraz.at/en/",
    "lastChecked": 46071,
    "confidence": "High"
  },
  {
    "id": "university-of-graz",
    "name": "University of Graz",
    "country": "austria",
    "countryDisplay": "Austria",
    "city": "Graz",
    "studyLevels": "",
    "type": "",
    "popularity": "",
    "whySelected": "",
    "costBand": "",
    "visaRiskNotes": "Visa review focuses on coherent study plan and funding; English masters exist but not in every area.",
    "operationalConfidence": "Safe",
    "sourceUrl": "https://www.uni-graz.at/en/",
    "lastChecked": 46071,
    "confidence": "Medium"
  },
  {
    "id": "university-of-innsbruck",
    "name": "University of Innsbruck",
    "country": "austria",
    "countryDisplay": "Austria",
    "city": "Innsbruck",
    "studyLevels": "",
    "type": "",
    "popularity": "",
    "whySelected": "",
    "costBand": "",
    "visaRiskNotes": "Funding proof and progression rationale matter; English masters exist but UG is mainly local language.",
    "operationalConfidence": "Safe",
    "sourceUrl": "https://www.uibk.ac.at/en/",
    "lastChecked": 46071,
    "confidence": "Medium"
  },
  {
    "id": "johannes-kepler-university-linz",
    "name": "Johannes Kepler University Linz",
    "country": "austria",
    "countryDisplay": "Austria",
    "city": "Linz",
    "studyLevels": "",
    "type": "",
    "popularity": "",
    "whySelected": "",
    "costBand": "",
    "visaRiskNotes": "Case officers may examine employability and course alignment; English masters available across tech and business.",
    "operationalConfidence": "Safe",
    "sourceUrl": "https://www.jku.at/en/",
    "lastChecked": 46071,
    "confidence": "Medium"
  },
  {
    "id": "university-of-salzburg",
    "name": "University of Salzburg",
    "country": "austria",
    "countryDisplay": "Austria",
    "city": "Salzburg",
    "studyLevels": "",
    "type": "",
    "popularity": "",
    "whySelected": "",
    "costBand": "",
    "visaRiskNotes": "English programmes are more limited and department specific; visa decision still depends on funds and credibility.",
    "operationalConfidence": "Use_with_Caution",
    "sourceUrl": "https://www.plus.ac.at/?lang=en",
    "lastChecked": 46071,
    "confidence": "Medium"
  },
  {
    "id": "university-of-klagenfurt",
    "name": "University of Klagenfurt",
    "country": "austria",
    "countryDisplay": "Austria",
    "city": "Klagenfurt",
    "studyLevels": "",
    "type": "",
    "popularity": "",
    "whySelected": "",
    "costBand": "",
    "visaRiskNotes": "Smaller city can be fine, but programme fit must be well explained; English masters exist in selected fields.",
    "operationalConfidence": "Safe",
    "sourceUrl": "https://www.aau.at/en/",
    "lastChecked": 46071,
    "confidence": "Medium"
  },
  {
    "id": "vienna-university-of-economics-and-business",
    "name": "Vienna University of Economics and Business",
    "country": "austria",
    "countryDisplay": "Austria",
    "city": "Vienna",
    "studyLevels": "",
    "type": "",
    "popularity": "",
    "whySelected": "",
    "costBand": "",
    "visaRiskNotes": "Competitive admissions for top masters; visa review still requires strong study rationale and funding.",
    "operationalConfidence": "Safe",
    "sourceUrl": "https://www.wu.ac.at/en/",
    "lastChecked": 46071,
    "confidence": "Medium"
  },
  {
    "id": "university-of-applied-sciences-technikum-wien",
    "name": "University of Applied Sciences Technikum Wien",
    "country": "austria",
    "countryDisplay": "Austria",
    "city": "Vienna",
    "studyLevels": "",
    "type": "",
    "popularity": "",
    "whySelected": "",
    "costBand": "",
    "visaRiskNotes": "Applied sciences pathways are credible, but officers may check practical fit and internship realism; ensure clear financial proof.",
    "operationalConfidence": "Safe",
    "sourceUrl": "https://www.technikum-wien.at/en/",
    "lastChecked": 46071,
    "confidence": "Medium"
  },
  {
    "id": "fh-campus-wien",
    "name": "FH Campus Wien",
    "country": "austria",
    "countryDisplay": "Austria",
    "city": "Vienna",
    "studyLevels": "",
    "type": "",
    "popularity": "",
    "whySelected": "",
    "costBand": "",
    "visaRiskNotes": "Ensure programme is clearly English taught for your intake; funding and intent checks apply.",
    "operationalConfidence": "Safe",
    "sourceUrl": "https://www.fh-campuswien.ac.at/en.html",
    "lastChecked": 46071,
    "confidence": "Medium"
  },
  {
    "id": "university-of-applied-sciences-upper-austria",
    "name": "University of Applied Sciences Upper Austria",
    "country": "austria",
    "countryDisplay": "Austria",
    "city": "Wels",
    "studyLevels": "",
    "type": "",
    "popularity": "",
    "whySelected": "",
    "costBand": "",
    "visaRiskNotes": "Applied degrees are defensible, but visa assessment still depends on funding and consistency of profile.",
    "operationalConfidence": "Safe",
    "sourceUrl": "https://www.fh-ooe.at/en/",
    "lastChecked": 46071,
    "confidence": "High"
  },
  {
    "id": "imc-krems-university-of-applied-sciences",
    "name": "IMC Krems University of Applied Sciences",
    "country": "austria",
    "countryDisplay": "Austria",
    "city": "Krems an der Donau",
    "studyLevels": "",
    "type": "",
    "popularity": "",
    "whySelected": "",
    "costBand": "",
    "visaRiskNotes": "Some programmes are fully English while others are mixed; visa review will look for clarity on language and outcomes.",
    "operationalConfidence": "Safe",
    "sourceUrl": "https://www.imc.ac.at/en/",
    "lastChecked": 46071,
    "confidence": "Medium"
  },
  {
    "id": "fh-joanneum-university-of-applied-sciences",
    "name": "FH Joanneum University of Applied Sciences",
    "country": "austria",
    "countryDisplay": "Austria",
    "city": "Graz",
    "studyLevels": "",
    "type": "",
    "popularity": "",
    "whySelected": "",
    "costBand": "",
    "visaRiskNotes": "English track availability varies; visa scrutiny focuses on coherence and financial coverage.",
    "operationalConfidence": "Safe",
    "sourceUrl": "https://www.fh-joanneum.at/en/",
    "lastChecked": 46071,
    "confidence": "Medium"
  },
  {
    "id": "university-of-applied-sciences-salzburg",
    "name": "University of Applied Sciences Salzburg",
    "country": "austria",
    "countryDisplay": "Austria",
    "city": "Salzburg",
    "studyLevels": "",
    "type": "",
    "popularity": "",
    "whySelected": "",
    "costBand": "",
    "visaRiskNotes": "Smaller intake and selective cohorts; ensure documented English programme and credible study plan.",
    "operationalConfidence": "Use_with_Caution",
    "sourceUrl": "https://www.fh-salzburg.ac.at/en/",
    "lastChecked": 46071,
    "confidence": "Medium"
  },
  {
    "id": "mci-management-center-innsbruck",
    "name": "MCI Management Center Innsbruck",
    "country": "austria",
    "countryDisplay": "Austria",
    "city": "Innsbruck",
    "studyLevels": "",
    "type": "",
    "popularity": "",
    "whySelected": "",
    "costBand": "",
    "visaRiskNotes": "Business focused courses need strong motivation and funding proof; English delivery depends on programme.",
    "operationalConfidence": "Safe",
    "sourceUrl": "https://www.mci.edu/en/",
    "lastChecked": 46071,
    "confidence": "Medium"
  },
  {
    "id": "university-of-applied-sciences-kufstein-tirol",
    "name": "University of Applied Sciences Kufstein Tirol",
    "country": "austria",
    "countryDisplay": "Austria",
    "city": "Kufstein",
    "studyLevels": "",
    "type": "",
    "popularity": "",
    "whySelected": "",
    "costBand": "",
    "visaRiskNotes": "Smaller institution so applicants should document programme credibility and career logic clearly.",
    "operationalConfidence": "Use_with_Caution",
    "sourceUrl": "https://www.fh-kufstein.ac.at/en",
    "lastChecked": 46071,
    "confidence": "Medium"
  },
  {
    "id": "st-plten-university-of-applied-sciences",
    "name": "St. Pölten University of Applied Sciences",
    "country": "austria",
    "countryDisplay": "Austria",
    "city": "St. Pölten",
    "studyLevels": "",
    "type": "",
    "popularity": "",
    "whySelected": "",
    "costBand": "",
    "visaRiskNotes": "English taught availability is programme specific; visa review depends on funding and intent.",
    "operationalConfidence": "Use_with_Caution",
    "sourceUrl": "https://www.fhstp.ac.at/en",
    "lastChecked": 46071,
    "confidence": "Medium"
  },
  {
    "id": "vorarlberg-university-of-applied-sciences",
    "name": "Vorarlberg University of Applied Sciences",
    "country": "austria",
    "countryDisplay": "Austria",
    "city": "Dornbirn",
    "studyLevels": "",
    "type": "",
    "popularity": "",
    "whySelected": "",
    "costBand": "",
    "visaRiskNotes": "Smaller cohorts require clear documentation of English instruction and practical fit; funding checks apply.",
    "operationalConfidence": "Use_with_Caution",
    "sourceUrl": "https://www.fhv.at/en",
    "lastChecked": 46071,
    "confidence": "Medium"
  },
  {
    "id": "university-of-applied-sciences-wiener-neustadt",
    "name": "University of Applied Sciences Wiener Neustadt",
    "country": "austria",
    "countryDisplay": "Austria",
    "city": "Wiener Neustadt",
    "studyLevels": "",
    "type": "",
    "popularity": "",
    "whySelected": "",
    "costBand": "",
    "visaRiskNotes": "Ensure the chosen programme is English taught; visa review depends on funds and study rationale.",
    "operationalConfidence": "Use_with_Caution",
    "sourceUrl": "https://www.fhwn.ac.at/en/",
    "lastChecked": 46071,
    "confidence": "Medium"
  },
  {
    "id": "central-european-university",
    "name": "Central European University",
    "country": "austria",
    "countryDisplay": "Austria",
    "city": "Vienna",
    "studyLevels": "",
    "type": "",
    "popularity": "",
    "whySelected": "",
    "costBand": "",
    "visaRiskNotes": "Strong academic standing, but visa review still depends on funding and coherent study plan; tuition is high.",
    "operationalConfidence": "Safe",
    "sourceUrl": "https://www.ceu.edu/",
    "lastChecked": 46071,
    "confidence": "Medium"
  },
  {
    "id": "modul-university-vienna",
    "name": "MODUL University Vienna",
    "country": "austria",
    "countryDisplay": "Austria",
    "city": "Vienna",
    "studyLevels": "",
    "type": "",
    "popularity": "",
    "whySelected": "",
    "costBand": "",
    "visaRiskNotes": "Private tuition is higher and officers may test intent and finances more closely; ensure strong academic and career rationale.",
    "operationalConfidence": "Use_with_Caution",
    "sourceUrl": "https://www.modul.ac.at/",
    "lastChecked": 46071,
    "confidence": "Medium"
  },
  {
    "id": "webster-vienna-private-university",
    "name": "Webster Vienna Private University",
    "country": "austria",
    "countryDisplay": "Austria",
    "city": "Vienna",
    "studyLevels": "",
    "type": "",
    "popularity": "",
    "whySelected": "",
    "costBand": "",
    "visaRiskNotes": "High cost private model can trigger deeper scrutiny of finances and study intent; outcomes depend heavily on student profile.",
    "operationalConfidence": "Use_with_Caution",
    "sourceUrl": "https://www.webster.ac.at/",
    "lastChecked": 46071,
    "confidence": "Medium"
  },
  {
    "id": "sigmund-freud-private-university",
    "name": "Sigmund Freud Private University",
    "country": "austria",
    "countryDisplay": "Austria",
    "city": "Vienna",
    "studyLevels": "",
    "type": "",
    "popularity": "",
    "whySelected": "",
    "costBand": "",
    "visaRiskNotes": "Programme language can be mixed; applicants should document English track details and professional relevance carefully.",
    "operationalConfidence": "Use_with_Caution",
    "sourceUrl": "https://www.sfu.ac.at/en/",
    "lastChecked": 46071,
    "confidence": "Medium"
  },
  {
    "id": "lauder-business-school",
    "name": "Lauder Business School",
    "country": "austria",
    "countryDisplay": "Austria",
    "city": "Vienna",
    "studyLevels": "",
    "type": "",
    "popularity": "",
    "whySelected": "",
    "costBand": "",
    "visaRiskNotes": "Small private institution so applicants should show clear rationale and financial capability.",
    "operationalConfidence": "Use_with_Caution",
    "sourceUrl": "https://www.lbs.ac.at/",
    "lastChecked": 46071,
    "confidence": "Medium"
  },
  {
    "id": "medical-university-of-vienna",
    "name": "Medical University of Vienna",
    "country": "austria",
    "countryDisplay": "Austria",
    "city": "Vienna",
    "studyLevels": "",
    "type": "",
    "popularity": "",
    "whySelected": "",
    "costBand": "",
    "visaRiskNotes": "Many clinical programmes require local language and regulated access; ensure chosen programme is genuinely English taught and viable.",
    "operationalConfidence": "Use_with_Caution",
    "sourceUrl": "https://www.meduniwien.ac.at/web/en/",
    "lastChecked": 46071,
    "confidence": "Medium"
  },
  {
    "id": "medical-university-of-graz",
    "name": "Medical University of Graz",
    "country": "austria",
    "countryDisplay": "Austria",
    "city": "Graz",
    "studyLevels": "",
    "type": "",
    "popularity": "",
    "whySelected": "",
    "costBand": "",
    "visaRiskNotes": "Regulated health pathways often need local language and strict admissions; pick only clearly English programmes.",
    "operationalConfidence": "Use_with_Caution",
    "sourceUrl": "https://www.medunigraz.at/en/",
    "lastChecked": 46071,
    "confidence": "Low"
  },
  {
    "id": "university-of-music-and-performing-arts-vienna",
    "name": "University of Music and Performing Arts Vienna",
    "country": "austria",
    "countryDisplay": "Austria",
    "city": "Vienna",
    "studyLevels": "",
    "type": "",
    "popularity": "",
    "whySelected": "",
    "costBand": "",
    "visaRiskNotes": "Portfolio and audition based admits plus local language integration can affect visa credibility; document progression plan carefully.",
    "operationalConfidence": "Use_with_Caution",
    "sourceUrl": "https://www.mdw.ac.at/",
    "lastChecked": 46071,
    "confidence": "Low"
  },
  {
    "id": "university-of-art-and-design-linz",
    "name": "University of Art and Design Linz",
    "country": "austria",
    "countryDisplay": "Austria",
    "city": "Linz",
    "studyLevels": "",
    "type": "",
    "popularity": "",
    "whySelected": "",
    "costBand": "",
    "visaRiskNotes": "Art programmes may be local language heavy and portfolio based; ensure English track and realistic career plan.",
    "operationalConfidence": "Use_with_Caution",
    "sourceUrl": "https://www.ufg.at/en/",
    "lastChecked": 46071,
    "confidence": "Low"
  }
]