[
  {
    "id": "ku-leuven",
    "name": "KU Leuven",
    "country": "belgium",
    "countryDisplay": "Belgium",
    "city": "Leuven",
    "studyLevels": "",
    "type": "",
    "popularity": "",
    "whySelected": "",
    "costBand": "",
    "visaRiskNotes": "Strongly recognised institution, however non EEA applicants still face standard scrutiny on funds, academics, and study plan credibility.",
    "operationalConfidence": "Safe",
    "sourceUrl": "https://www.kuleuven.be/english/",
    "lastChecked": 46071,
    "confidence": "High"
  },
  {
    "id": "ghent-university",
    "name": "Ghent University",
    "country": "belgium",
    "countryDisplay": "Belgium",
    "city": "Ghent",
    "studyLevels": "",
    "type": "",
    "popularity": "",
    "whySelected": "",
    "costBand": "",
    "visaRiskNotes": "Generally strong visa defensibility, however programme fit and financial proof remain key for approval.",
    "operationalConfidence": "Safe",
    "sourceUrl": "https://www.ugent.be/en",
    "lastChecked": 46071,
    "confidence": "High"
  },
  {
    "id": "university-of-antwerp",
    "name": "University of Antwerp",
    "country": "belgium",
    "countryDisplay": "Belgium",
    "city": "Antwerp",
    "studyLevels": "",
    "type": "",
    "popularity": "",
    "whySelected": "",
    "costBand": "",
    "visaRiskNotes": "Standard non EEA scrutiny, however institutional recognition supports visa credibility.",
    "operationalConfidence": "Safe",
    "sourceUrl": "https://www.uantwerpen.be/en/",
    "lastChecked": 46071,
    "confidence": "High"
  },
  {
    "id": "vrije-universiteit-brussel",
    "name": "Vrije Universiteit Brussel",
    "country": "belgium",
    "countryDisplay": "Belgium",
    "city": "Brussels",
    "studyLevels": "",
    "type": "",
    "popularity": "",
    "whySelected": "",
    "costBand": "",
    "visaRiskNotes": "Brussels location can attract extra intent scrutiny, therefore SOP and financials should be clean and consistent.",
    "operationalConfidence": "Safe",
    "sourceUrl": "https://www.vub.be/en",
    "lastChecked": 46071,
    "confidence": "High"
  },
  {
    "id": "universit-libre-de-bruxelles",
    "name": "Université libre de Bruxelles",
    "country": "belgium",
    "countryDisplay": "Belgium",
    "city": "Brussels",
    "studyLevels": "",
    "type": "",
    "popularity": "",
    "whySelected": "",
    "costBand": "",
    "visaRiskNotes": "Strong recognition, however French region administrative expectations and documentation quality matter.",
    "operationalConfidence": "Safe",
    "sourceUrl": "https://www.ulb.be/en",
    "lastChecked": 46071,
    "confidence": "High"
  },
  {
    "id": "uclouvain",
    "name": "UCLouvain",
    "country": "belgium",
    "countryDisplay": "Belgium",
    "city": "Louvain-la-Neuve",
    "studyLevels": "",
    "type": "",
    "popularity": "",
    "whySelected": "",
    "costBand": "",
    "visaRiskNotes": "Solid visa defensibility, however programme language and academic fit must be clear.",
    "operationalConfidence": "Safe",
    "sourceUrl": "https://www.uclouvain.be/en",
    "lastChecked": 46071,
    "confidence": "High"
  },
  {
    "id": "university-of-lige",
    "name": "University of Liège",
    "country": "belgium",
    "countryDisplay": "Belgium",
    "city": "Liège",
    "studyLevels": "",
    "type": "",
    "popularity": "",
    "whySelected": "",
    "costBand": "",
    "visaRiskNotes": "Fewer Indians than Brussels or Flanders, however recognition is strong if English track is confirmed.",
    "operationalConfidence": "Safe",
    "sourceUrl": "https://www.uliege.be/cms/c_8699436/en/uliege",
    "lastChecked": 46071,
    "confidence": "Medium"
  },
  {
    "id": "hasselt-university",
    "name": "Hasselt University",
    "country": "belgium",
    "countryDisplay": "Belgium",
    "city": "Hasselt",
    "studyLevels": "",
    "type": "",
    "popularity": "",
    "whySelected": "",
    "costBand": "",
    "visaRiskNotes": "Smaller city helps cost control, however candidates must clearly justify campus and programme choice.",
    "operationalConfidence": "Safe",
    "sourceUrl": "https://www.uhasselt.be/en",
    "lastChecked": 46071,
    "confidence": "Medium"
  },
  {
    "id": "university-of-namur",
    "name": "University of Namur",
    "country": "belgium",
    "countryDisplay": "Belgium",
    "city": "Namur",
    "studyLevels": "",
    "type": "",
    "popularity": "",
    "whySelected": "",
    "costBand": "",
    "visaRiskNotes": "Recognition is fine, however Indians should verify English track availability per programme.",
    "operationalConfidence": "Safe",
    "sourceUrl": "https://www.unamur.be/en",
    "lastChecked": 46071,
    "confidence": "Medium"
  },
  {
    "id": "university-of-mons",
    "name": "University of Mons",
    "country": "belgium",
    "countryDisplay": "Belgium",
    "city": "Mons",
    "studyLevels": "",
    "type": "",
    "popularity": "",
    "whySelected": "",
    "costBand": "",
    "visaRiskNotes": "English offerings can be narrower, therefore mismatched programme language claims can raise scrutiny.",
    "operationalConfidence": "Use_with_Caution",
    "sourceUrl": "https://web.umons.ac.be/en/",
    "lastChecked": 46071,
    "confidence": "Medium"
  },
  {
    "id": "saint-louis-university-brussels",
    "name": "Saint-Louis University, Brussels",
    "country": "belgium",
    "countryDisplay": "Belgium",
    "city": "Brussels",
    "studyLevels": "",
    "type": "",
    "popularity": "",
    "whySelected": "",
    "costBand": "",
    "visaRiskNotes": "Smaller institution in Brussels, therefore study plan clarity and academic continuity matter more.",
    "operationalConfidence": "Use_with_Caution",
    "sourceUrl": "https://www.usaintlouis.be/sl/en/",
    "lastChecked": 46071,
    "confidence": "Medium"
  },
  {
    "id": "vlerick-business-school",
    "name": "Vlerick Business School",
    "country": "belgium",
    "countryDisplay": "Belgium",
    "city": "Ghent",
    "studyLevels": "",
    "type": "",
    "popularity": "",
    "whySelected": "",
    "costBand": "",
    "visaRiskNotes": "Private school profile can trigger intent scrutiny, therefore strong ROI logic, finances, and career alignment are important.",
    "operationalConfidence": "Use_with_Caution",
    "sourceUrl": "https://www.vlerick.com/en/",
    "lastChecked": 46071,
    "confidence": "Medium"
  },
  {
    "id": "antwerp-management-school",
    "name": "Antwerp Management School",
    "country": "belgium",
    "countryDisplay": "Belgium",
    "city": "Antwerp",
    "studyLevels": "",
    "type": "",
    "popularity": "",
    "whySelected": "",
    "costBand": "",
    "visaRiskNotes": "Higher tuition and private format can raise scrutiny, therefore documentation and credible goals are critical.",
    "operationalConfidence": "Use_with_Caution",
    "sourceUrl": "https://www.antwerpmanagementschool.be/en",
    "lastChecked": 46071,
    "confidence": "Medium"
  },
  {
    "id": "solvay-brussels-school-of-economics-and-management",
    "name": "Solvay Brussels School of Economics and Management",
    "country": "belgium",
    "countryDisplay": "Belgium",
    "city": "Brussels",
    "studyLevels": "",
    "type": "",
    "popularity": "",
    "whySelected": "",
    "costBand": "",
    "visaRiskNotes": "Part of a recognised public university environment, which supports visa defensibility when programme language is confirmed.",
    "operationalConfidence": "Safe",
    "sourceUrl": "https://solvay.brussels/",
    "lastChecked": 46071,
    "confidence": "Medium"
  },
  {
    "id": "ichec-brussels-management-school",
    "name": "ICHEC Brussels Management School",
    "country": "belgium",
    "countryDisplay": "Belgium",
    "city": "Brussels",
    "studyLevels": "",
    "type": "",
    "popularity": "",
    "whySelected": "",
    "costBand": "",
    "visaRiskNotes": "Private management school profile can face extra scrutiny, therefore intent and finances must be consistent and conservative.",
    "operationalConfidence": "Use_with_Caution",
    "sourceUrl": "https://www.ichec.be/en",
    "lastChecked": 46071,
    "confidence": "Medium"
  },
  {
    "id": "thomas-more-university-of-applied-sciences",
    "name": "Thomas More University of Applied Sciences",
    "country": "belgium",
    "countryDisplay": "Belgium",
    "city": "Mechelen",
    "studyLevels": "",
    "type": "",
    "popularity": "",
    "whySelected": "",
    "costBand": "",
    "visaRiskNotes": "Applied sciences routes can be questioned if the programme is not clearly English taught, therefore confirm track language and outcomes.",
    "operationalConfidence": "Use_with_Caution",
    "sourceUrl": "https://www.thomasmore.be/en",
    "lastChecked": 46071,
    "confidence": "Medium"
  },
  {
    "id": "howest-university-of-applied-sciences",
    "name": "Howest University of Applied Sciences",
    "country": "belgium",
    "countryDisplay": "Belgium",
    "city": "Kortrijk",
    "studyLevels": "",
    "type": "",
    "popularity": "",
    "whySelected": "",
    "costBand": "",
    "visaRiskNotes": "Applicants must ensure the specific bachelor is English taught and credible for progression, otherwise refusal risk rises.",
    "operationalConfidence": "Use_with_Caution",
    "sourceUrl": "https://www.howest.be/en",
    "lastChecked": 46071,
    "confidence": "Medium"
  },
  {
    "id": "artevelde-university-of-applied-sciences",
    "name": "Artevelde University of Applied Sciences",
    "country": "belgium",
    "countryDisplay": "Belgium",
    "city": "Ghent",
    "studyLevels": "",
    "type": "",
    "popularity": "",
    "whySelected": "",
    "costBand": "",
    "visaRiskNotes": "Limited English bachelor portfolio, therefore overclaiming English delivery can create visa credibility issues.",
    "operationalConfidence": "Use_with_Caution",
    "sourceUrl": "https://www.arteveldehogeschool.be/en",
    "lastChecked": 46071,
    "confidence": "Low"
  },
  {
    "id": "hogent-university-of-applied-sciences-and-arts",
    "name": "HOGENT University of Applied Sciences and Arts",
    "country": "belgium",
    "countryDisplay": "Belgium",
    "city": "Ghent",
    "studyLevels": "",
    "type": "",
    "popularity": "",
    "whySelected": "",
    "costBand": "",
    "visaRiskNotes": "Must validate English track availability at programme level, otherwise intent scrutiny increases.",
    "operationalConfidence": "Use_with_Caution",
    "sourceUrl": "https://www.hogent.be/en/",
    "lastChecked": 46071,
    "confidence": "Low"
  },
  {
    "id": "odisee-university-of-applied-sciences",
    "name": "Odisee University of Applied Sciences",
    "country": "belgium",
    "countryDisplay": "Belgium",
    "city": "Brussels",
    "studyLevels": "",
    "type": "",
    "popularity": "",
    "whySelected": "",
    "costBand": "",
    "visaRiskNotes": "Brussels plus applied sciences can increase scrutiny, therefore ensure programme is truly English track and progression is credible.",
    "operationalConfidence": "Use_with_Caution",
    "sourceUrl": "https://www.odisee.be/en",
    "lastChecked": 46071,
    "confidence": "Low"
  },
  {
    "id": "karel-de-grote-university-of-applied-sciences-and-arts",
    "name": "Karel de Grote University of Applied Sciences and Arts",
    "country": "belgium",
    "countryDisplay": "Belgium",
    "city": "Antwerp",
    "studyLevels": "",
    "type": "",
    "popularity": "",
    "whySelected": "",
    "costBand": "",
    "visaRiskNotes": "Confirm language of instruction and internship structure, otherwise visa credibility may weaken.",
    "operationalConfidence": "Use_with_Caution",
    "sourceUrl": "https://www.kdg.be/en",
    "lastChecked": 46071,
    "confidence": "Low"
  },
  {
    "id": "ap-university-of-applied-sciences-and-arts-antwerp",
    "name": "AP University of Applied Sciences and Arts Antwerp",
    "country": "belgium",
    "countryDisplay": "Belgium",
    "city": "Antwerp",
    "studyLevels": "",
    "type": "",
    "popularity": "",
    "whySelected": "",
    "costBand": "",
    "visaRiskNotes": "Applied sciences pathway needs tight documentation and a clear academic story to avoid intent doubts.",
    "operationalConfidence": "Use_with_Caution",
    "sourceUrl": "https://www.ap.be/en",
    "lastChecked": 46071,
    "confidence": "Low"
  },
  {
    "id": "university-colleges-leuven-limburg",
    "name": "University Colleges Leuven-Limburg",
    "country": "belgium",
    "countryDisplay": "Belgium",
    "city": "Leuven",
    "studyLevels": "",
    "type": "",
    "popularity": "",
    "whySelected": "",
    "costBand": "",
    "visaRiskNotes": "Validate English track and recognised degree level, otherwise visa risk increases.",
    "operationalConfidence": "Use_with_Caution",
    "sourceUrl": "https://www.ucll.be/en",
    "lastChecked": 46071,
    "confidence": "Low"
  },
  {
    "id": "pxl-university-of-applied-sciences-and-arts",
    "name": "PXL University of Applied Sciences and Arts",
    "country": "belgium",
    "countryDisplay": "Belgium",
    "city": "Hasselt",
    "studyLevels": "",
    "type": "",
    "popularity": "",
    "whySelected": "",
    "costBand": "",
    "visaRiskNotes": "Ensure English track is confirmed, because local language delivery mismatch is a common refusal trigger.",
    "operationalConfidence": "Use_with_Caution",
    "sourceUrl": "https://www.pxl.be/english",
    "lastChecked": 46071,
    "confidence": "Low"
  },
  {
    "id": "vives-university-of-applied-sciences",
    "name": "VIVES University of Applied Sciences",
    "country": "belgium",
    "countryDisplay": "Belgium",
    "city": "Bruges",
    "studyLevels": "",
    "type": "",
    "popularity": "",
    "whySelected": "",
    "costBand": "",
    "visaRiskNotes": "English portfolio is limited, therefore confirm language and timetable evidence for visa credibility.",
    "operationalConfidence": "Use_with_Caution",
    "sourceUrl": "https://www.vives.be/en",
    "lastChecked": 46071,
    "confidence": "Low"
  },
  {
    "id": "haute-cole-lonard-de-vinci",
    "name": "Haute École Léonard de Vinci",
    "country": "belgium",
    "countryDisplay": "Belgium",
    "city": "Brussels",
    "studyLevels": "",
    "type": "",
    "popularity": "",
    "whySelected": "",
    "costBand": "",
    "visaRiskNotes": "French community applied sciences can have limited English tracks, therefore confirm programme language in writing.",
    "operationalConfidence": "Use_with_Caution",
    "sourceUrl": "https://www.vinci.be/en",
    "lastChecked": 46071,
    "confidence": "Low"
  },
  {
    "id": "ephec-university-college",
    "name": "EPHEC University College",
    "country": "belgium",
    "countryDisplay": "Belgium",
    "city": "Brussels",
    "studyLevels": "",
    "type": "",
    "popularity": "",
    "whySelected": "",
    "costBand": "",
    "visaRiskNotes": "Applied sciences plus Brussels location means intent scrutiny, therefore keep study plan conservative and coherent.",
    "operationalConfidence": "Use_with_Caution",
    "sourceUrl": "https://www.ephec.be/en",
    "lastChecked": 46071,
    "confidence": "Low"
  },
  {
    "id": "helmo-university-college",
    "name": "HELMo University College",
    "country": "belgium",
    "countryDisplay": "Belgium",
    "city": "Liège",
    "studyLevels": "",
    "type": "",
    "popularity": "",
    "whySelected": "",
    "costBand": "",
    "visaRiskNotes": "If the chosen track is mainly local language, visa risk rises, therefore confirm English delivery precisely.",
    "operationalConfidence": "Use_with_Caution",
    "sourceUrl": "https://www.helmo.be/en",
    "lastChecked": 46071,
    "confidence": "Low"
  },
  {
    "id": "haute-cole-de-la-province-de-lige",
    "name": "Haute École de la Province de Liège",
    "country": "belgium",
    "countryDisplay": "Belgium",
    "city": "Liège",
    "studyLevels": "",
    "type": "",
    "popularity": "",
    "whySelected": "",
    "costBand": "",
    "visaRiskNotes": "English track availability is the main risk point, therefore applicants must verify and document it.",
    "operationalConfidence": "Use_with_Caution",
    "sourceUrl": "https://www.hepl.be/en",
    "lastChecked": 46071,
    "confidence": "Low"
  }
]