[
  {
    "id": "university-of-helsinki",
    "name": "University of Helsinki",
    "country": "finland",
    "countryDisplay": "Finland",
    "city": "Helsinki",
    "studyLevels": "",
    "type": "",
    "popularity": "",
    "whySelected": "",
    "costBand": "",
    "visaRiskNotes": "Generally well recognised; still requires strong academics and credible funding and study plan.",
    "operationalConfidence": "Safe",
    "sourceUrl": "https://www.helsinki.fi/en",
    "lastChecked": 46071,
    "confidence": "High"
  },
  {
    "id": "aalto-university",
    "name": "Aalto University",
    "country": "finland",
    "countryDisplay": "Finland",
    "city": "Espoo",
    "studyLevels": "",
    "type": "",
    "popularity": "",
    "whySelected": "",
    "costBand": "",
    "visaRiskNotes": "Competitive admissions; funding and relevance of programme to profile will be scrutinised.",
    "operationalConfidence": "Safe",
    "sourceUrl": "https://www.aalto.fi/en",
    "lastChecked": 46071,
    "confidence": "Medium"
  },
  {
    "id": "tampere-university",
    "name": "Tampere University",
    "country": "finland",
    "countryDisplay": "Finland",
    "city": "Tampere",
    "studyLevels": "",
    "type": "",
    "popularity": "",
    "whySelected": "",
    "costBand": "",
    "visaRiskNotes": "Established public university; still needs clean academics and finances for permit.",
    "operationalConfidence": "Safe",
    "sourceUrl": "https://www.tuni.fi/en",
    "lastChecked": 46071,
    "confidence": "High"
  },
  {
    "id": "university-of-turku",
    "name": "University of Turku",
    "country": "finland",
    "countryDisplay": "Finland",
    "city": "Turku",
    "studyLevels": "",
    "type": "",
    "popularity": "",
    "whySelected": "",
    "costBand": "",
    "visaRiskNotes": "Standard public university pathway; ensure programme fit and finances are credible.",
    "operationalConfidence": "Safe",
    "sourceUrl": "https://www.utu.fi/en",
    "lastChecked": 46071,
    "confidence": "High"
  },
  {
    "id": "university-of-oulu",
    "name": "University of Oulu",
    "country": "finland",
    "countryDisplay": "Finland",
    "city": "Oulu",
    "studyLevels": "",
    "type": "",
    "popularity": "",
    "whySelected": "",
    "costBand": "",
    "visaRiskNotes": "Public and recognised; typical scrutiny is around funds and study plan coherence. (Study in Finland)",
    "operationalConfidence": "https://www.oulu.fi/en",
    "sourceUrl": 46071,
    "lastChecked": "Medium",
    "confidence": ""
  },
  {
    "id": "university-of-jyvskyl",
    "name": "University of Jyväskylä",
    "country": "finland",
    "countryDisplay": "Finland",
    "city": "Jyväskylä",
    "studyLevels": "",
    "type": "",
    "popularity": "",
    "whySelected": "",
    "costBand": "",
    "visaRiskNotes": "Public and recognised; maintain conservative financial documentation. (Study in Finland)",
    "operationalConfidence": "https://www.jyu.fi/en",
    "sourceUrl": 46071,
    "lastChecked": "Medium",
    "confidence": ""
  },
  {
    "id": "university-of-eastern-finland",
    "name": "University of Eastern Finland",
    "country": "finland",
    "countryDisplay": "Finland",
    "city": "Kuopio",
    "studyLevels": "",
    "type": "",
    "popularity": "",
    "whySelected": "",
    "costBand": "",
    "visaRiskNotes": "Public and recognised; health and tech programmes need strong academic alignment. (Study in Finland)",
    "operationalConfidence": "https://www.uef.fi/en",
    "sourceUrl": 46071,
    "lastChecked": "Medium",
    "confidence": ""
  },
  {
    "id": "university-of-vaasa",
    "name": "University of Vaasa",
    "country": "finland",
    "countryDisplay": "Finland",
    "city": "Vaasa",
    "studyLevels": "",
    "type": "",
    "popularity": "",
    "whySelected": "",
    "costBand": "",
    "visaRiskNotes": "Public and recognised; smaller city does not change permit requirements. (Study in Finland)",
    "operationalConfidence": "https://www.uwasa.fi/en",
    "sourceUrl": 46071,
    "lastChecked": "Medium",
    "confidence": ""
  },
  {
    "id": "bo-akademi-university",
    "name": "Åbo Akademi University",
    "country": "finland",
    "countryDisplay": "Finland",
    "city": "Turku",
    "studyLevels": "",
    "type": "",
    "popularity": "",
    "whySelected": "",
    "costBand": "",
    "visaRiskNotes": "Public and recognised; many programmes are Swedish or bilingual so confirm English availability. (Study in Finland)",
    "operationalConfidence": "https://www.abo.fi/en",
    "sourceUrl": 46071,
    "lastChecked": "Medium",
    "confidence": ""
  },
  {
    "id": "hanken-school-of-economics",
    "name": "Hanken School of Economics",
    "country": "finland",
    "countryDisplay": "Finland",
    "city": "Helsinki",
    "studyLevels": "",
    "type": "",
    "popularity": "",
    "whySelected": "",
    "costBand": "",
    "visaRiskNotes": "Smaller private institution; admissions are selective and permit assessment will expect strong purpose and finances. (Study in Finland)",
    "operationalConfidence": "https://www.hanken.fi/en",
    "sourceUrl": 46071,
    "lastChecked": "Medium",
    "confidence": ""
  },
  {
    "id": "lut-university",
    "name": "LUT University",
    "country": "finland",
    "countryDisplay": "Finland",
    "city": "Lappeenranta",
    "studyLevels": "",
    "type": "",
    "popularity": "",
    "whySelected": "",
    "costBand": "",
    "visaRiskNotes": "Public and well recognised; engineering applicants should show clear academic readiness.",
    "operationalConfidence": "Safe",
    "sourceUrl": "https://www.lut.fi/en",
    "lastChecked": 46071,
    "confidence": "High"
  },
  {
    "id": "university-of-lapland",
    "name": "University of Lapland",
    "country": "finland",
    "countryDisplay": "Finland",
    "city": "Rovaniemi",
    "studyLevels": "",
    "type": "",
    "popularity": "",
    "whySelected": "",
    "costBand": "",
    "visaRiskNotes": "Public and recognised; niche programmes and remote location can raise credibility questions if story is weak. (Study in Finland)",
    "operationalConfidence": "https://www.ulapland.fi/EN",
    "sourceUrl": 46071,
    "lastChecked": "Medium",
    "confidence": ""
  },
  {
    "id": "university-of-the-arts-helsinki",
    "name": "University of the Arts Helsinki",
    "country": "finland",
    "countryDisplay": "Finland",
    "city": "Helsinki",
    "studyLevels": "",
    "type": "",
    "popularity": "",
    "whySelected": "",
    "costBand": "",
    "visaRiskNotes": "Portfolio based selection; study plan must be very clear and financially solid. (Study in Finland)",
    "operationalConfidence": "https://www.uniarts.fi/en",
    "sourceUrl": 46071,
    "lastChecked": "Medium",
    "confidence": ""
  },
  {
    "id": "metropolia-university-of-applied-sciences",
    "name": "Metropolia University of Applied Sciences",
    "country": "finland",
    "countryDisplay": "Finland",
    "city": "Helsinki",
    "studyLevels": "",
    "type": "",
    "popularity": "",
    "whySelected": "",
    "costBand": "",
    "visaRiskNotes": "UAS route is valid but scrutiny can be higher if programme choice looks like a migration shortcut. (Study in Finland)",
    "operationalConfidence": "https://www.metropolia.fi/en",
    "sourceUrl": 46071,
    "lastChecked": "Medium",
    "confidence": ""
  },
  {
    "id": "haaga-helia-university-of-applied-sciences",
    "name": "Haaga-Helia University of Applied Sciences",
    "country": "finland",
    "countryDisplay": "Finland",
    "city": "Helsinki",
    "studyLevels": "",
    "type": "",
    "popularity": "",
    "whySelected": "",
    "costBand": "",
    "visaRiskNotes": "Business focused UAS; ensure academics and motivation are coherent for permit. (Study in Finland)",
    "operationalConfidence": "https://www.haaga-helia.fi/en",
    "sourceUrl": 46071,
    "lastChecked": "Medium",
    "confidence": ""
  },
  {
    "id": "laurea-university-of-applied-sciences",
    "name": "Laurea University of Applied Sciences",
    "country": "finland",
    "countryDisplay": "Finland",
    "city": "Vantaa",
    "studyLevels": "",
    "type": "",
    "popularity": "",
    "whySelected": "",
    "costBand": "",
    "visaRiskNotes": "UAS pathway; credibility relies on programme relevance and funding strength. (Study in Finland)",
    "operationalConfidence": "https://www.laurea.fi/en",
    "sourceUrl": 46071,
    "lastChecked": "Medium",
    "confidence": ""
  },
  {
    "id": "lab-university-of-applied-sciences",
    "name": "LAB University of Applied Sciences",
    "country": "finland",
    "countryDisplay": "Finland",
    "city": "Lahti",
    "studyLevels": "",
    "type": "",
    "popularity": "",
    "whySelected": "",
    "costBand": "",
    "visaRiskNotes": "UAS pathway; demonstrate realistic career and study plan. (Study in Finland)",
    "operationalConfidence": "https://www.lab.fi/en",
    "sourceUrl": 46071,
    "lastChecked": "Medium",
    "confidence": ""
  },
  {
    "id": "hme-university-of-applied-sciences",
    "name": "Häme University of Applied Sciences",
    "country": "finland",
    "countryDisplay": "Finland",
    "city": "Hämeenlinna",
    "studyLevels": "",
    "type": "",
    "popularity": "",
    "whySelected": "",
    "costBand": "",
    "visaRiskNotes": "Smaller UAS; permit assessment may scrutinise intent and finances closely. (Study in Finland)",
    "operationalConfidence": "https://www.hamk.fi/en",
    "sourceUrl": 46071,
    "lastChecked": "Medium",
    "confidence": ""
  },
  {
    "id": "jamk-university-of-applied-sciences",
    "name": "JAMK University of Applied Sciences",
    "country": "finland",
    "countryDisplay": "Finland",
    "city": "Jyväskylä",
    "studyLevels": "",
    "type": "",
    "popularity": "",
    "whySelected": "",
    "costBand": "",
    "visaRiskNotes": "UAS route; show clear academic and professional progression. (Study in Finland)",
    "operationalConfidence": "https://www.jamk.fi/en",
    "sourceUrl": 46071,
    "lastChecked": "Medium",
    "confidence": ""
  },
  {
    "id": "south-eastern-finland-university-of-applied-sciences",
    "name": "South-Eastern Finland University of Applied Sciences",
    "country": "finland",
    "countryDisplay": "Finland",
    "city": "Kouvola",
    "studyLevels": "",
    "type": "",
    "popularity": "",
    "whySelected": "",
    "costBand": "",
    "visaRiskNotes": "UAS pathway; credibility depends on programme choice and finances. (Study in Finland)",
    "operationalConfidence": "https://www.xamk.fi/en",
    "sourceUrl": 46071,
    "lastChecked": "Medium",
    "confidence": ""
  },
  {
    "id": "oulu-university-of-applied-sciences",
    "name": "Oulu University of Applied Sciences",
    "country": "finland",
    "countryDisplay": "Finland",
    "city": "Oulu",
    "studyLevels": "",
    "type": "",
    "popularity": "",
    "whySelected": "",
    "costBand": "",
    "visaRiskNotes": "UAS pathway; ensure programme is clearly tied to prior study and goals. (Study in Finland)",
    "operationalConfidence": "https://www.oamk.fi/en",
    "sourceUrl": 46071,
    "lastChecked": "Medium",
    "confidence": ""
  },
  {
    "id": "tampere-university-of-applied-sciences",
    "name": "Tampere University of Applied Sciences",
    "country": "finland",
    "countryDisplay": "Finland",
    "city": "Tampere",
    "studyLevels": "",
    "type": "",
    "popularity": "",
    "whySelected": "",
    "costBand": "",
    "visaRiskNotes": "High demand UAS; still needs strong finances and coherent intent. (Study in Finland)",
    "operationalConfidence": "https://www.tamk.fi/en",
    "sourceUrl": 46071,
    "lastChecked": "Medium",
    "confidence": ""
  },
  {
    "id": "turku-university-of-applied-sciences",
    "name": "Turku University of Applied Sciences",
    "country": "finland",
    "countryDisplay": "Finland",
    "city": "Turku",
    "studyLevels": "",
    "type": "",
    "popularity": "",
    "whySelected": "",
    "costBand": "",
    "visaRiskNotes": "Clear fee structure; permit review still expects solid funds and credible plan. (Turku AMK)",
    "operationalConfidence": "https://www.turkuamk.fi/en",
    "sourceUrl": 46071,
    "lastChecked": "High",
    "confidence": ""
  },
  {
    "id": "seinjoki-university-of-applied-sciences",
    "name": "Seinäjoki University of Applied Sciences",
    "country": "finland",
    "countryDisplay": "Finland",
    "city": "Seinäjoki",
    "studyLevels": "",
    "type": "",
    "popularity": "",
    "whySelected": "",
    "costBand": "",
    "visaRiskNotes": "Smaller city UAS; avoid weak study plan narratives. (Study in Finland)",
    "operationalConfidence": "https://www.seamk.fi/en",
    "sourceUrl": 46071,
    "lastChecked": "Medium",
    "confidence": ""
  },
  {
    "id": "savonia-university-of-applied-sciences",
    "name": "Savonia University of Applied Sciences",
    "country": "finland",
    "countryDisplay": "Finland",
    "city": "Kuopio",
    "studyLevels": "",
    "type": "",
    "popularity": "",
    "whySelected": "",
    "costBand": "",
    "visaRiskNotes": "UAS pathway; ensure relevance and finances are robust. (Study in Finland)",
    "operationalConfidence": "https://www.savonia.fi/en",
    "sourceUrl": 46071,
    "lastChecked": "Medium",
    "confidence": ""
  },
  {
    "id": "satakunta-university-of-applied-sciences",
    "name": "Satakunta University of Applied Sciences",
    "country": "finland",
    "countryDisplay": "Finland",
    "city": "Pori",
    "studyLevels": "",
    "type": "",
    "popularity": "",
    "whySelected": "",
    "costBand": "",
    "visaRiskNotes": "Smaller intake; permit review may scrutinise intent more. (Study in Finland)",
    "operationalConfidence": "https://www.samk.fi/en",
    "sourceUrl": 46071,
    "lastChecked": "Medium",
    "confidence": ""
  },
  {
    "id": "karelia-university-of-applied-sciences",
    "name": "Karelia University of Applied Sciences",
    "country": "finland",
    "countryDisplay": "Finland",
    "city": "Joensuu",
    "studyLevels": "",
    "type": "",
    "popularity": "",
    "whySelected": "",
    "costBand": "",
    "visaRiskNotes": "Smaller UAS; ensure strong academic and financial profile. (Study in Finland)",
    "operationalConfidence": "https://www.karelia.fi/en",
    "sourceUrl": 46071,
    "lastChecked": "Medium",
    "confidence": ""
  },
  {
    "id": "kajaani-university-of-applied-sciences",
    "name": "Kajaani University of Applied Sciences",
    "country": "finland",
    "countryDisplay": "Finland",
    "city": "Kajaani",
    "studyLevels": "",
    "type": "",
    "popularity": "",
    "whySelected": "",
    "costBand": "",
    "visaRiskNotes": "Remote location and small intake; avoid weak motivation narratives. (Study in Finland)",
    "operationalConfidence": "https://www.kamk.fi/en",
    "sourceUrl": 46071,
    "lastChecked": "Low",
    "confidence": ""
  },
  {
    "id": "centria-university-of-applied-sciences",
    "name": "Centria University of Applied Sciences",
    "country": "finland",
    "countryDisplay": "Finland",
    "city": "Kokkola",
    "studyLevels": "",
    "type": "",
    "popularity": "",
    "whySelected": "",
    "costBand": "",
    "visaRiskNotes": "Smaller UAS; permit assessment depends heavily on credibility and funds. (Study in Finland)",
    "operationalConfidence": "https://www.centria.fi/en",
    "sourceUrl": 46071,
    "lastChecked": "Medium",
    "confidence": ""
  },
  {
    "id": "arcada-university-of-applied-sciences",
    "name": "Arcada University of Applied Sciences",
    "country": "finland",
    "countryDisplay": "Finland",
    "city": "Helsinki",
    "studyLevels": "",
    "type": "",
    "popularity": "",
    "whySelected": "",
    "costBand": "",
    "visaRiskNotes": "Recognised but private UAS; ensure finances and study rationale are strong. (Study in Finland)",
    "operationalConfidence": "https://www.arcada.fi/en",
    "sourceUrl": 46071,
    "lastChecked": "Medium",
    "confidence": ""
  },
  {
    "id": "diaconia-university-of-applied-sciences",
    "name": "Diaconia University of Applied Sciences",
    "country": "finland",
    "countryDisplay": "Finland",
    "city": "Helsinki",
    "studyLevels": "",
    "type": "",
    "popularity": "",
    "whySelected": "",
    "costBand": "",
    "visaRiskNotes": "Niche institution; applicants must show strong fit and credible career rationale. (Study in Finland)",
    "operationalConfidence": "https://www.diak.fi/en",
    "sourceUrl": 46071,
    "lastChecked": "Medium",
    "confidence": ""
  },
  {
    "id": "humak-university-of-applied-sciences",
    "name": "Humak University of Applied Sciences",
    "country": "finland",
    "countryDisplay": "Finland",
    "city": "Helsinki",
    "studyLevels": "",
    "type": "",
    "popularity": "",
    "whySelected": "",
    "costBand": "",
    "visaRiskNotes": "Specialised UAS; ensure programme is not chosen just for residence goals. (Study in Finland)",
    "operationalConfidence": "https://www.humak.fi/en",
    "sourceUrl": 46071,
    "lastChecked": "Low",
    "confidence": ""
  },
  {
    "id": "novia-university-of-applied-sciences",
    "name": "Novia University of Applied Sciences",
    "country": "finland",
    "countryDisplay": "Finland",
    "city": "Vaasa",
    "studyLevels": "",
    "type": "",
    "popularity": "",
    "whySelected": "",
    "costBand": "",
    "visaRiskNotes": "Many programmes are Swedish or bilingual; confirm English availability before advising. (Study in Finland)",
    "operationalConfidence": "https://www.novia.fi/en",
    "sourceUrl": 46071,
    "lastChecked": "Low",
    "confidence": ""
  },
  {
    "id": "vaasa-university-of-applied-sciences",
    "name": "Vaasa University of Applied Sciences",
    "country": "finland",
    "countryDisplay": "Finland",
    "city": "Vaasa",
    "studyLevels": "",
    "type": "",
    "popularity": "",
    "whySelected": "",
    "costBand": "",
    "visaRiskNotes": "Smaller UAS; credibility relies on fit and finances. (Study in Finland)",
    "operationalConfidence": "https://www.vamk.fi/en",
    "sourceUrl": 46071,
    "lastChecked": "Medium",
    "confidence": ""
  },
  {
    "id": "lapland-university-of-applied-sciences",
    "name": "Lapland University of Applied Sciences",
    "country": "finland",
    "countryDisplay": "Finland",
    "city": "Rovaniemi",
    "studyLevels": "",
    "type": "",
    "popularity": "",
    "whySelected": "",
    "costBand": "",
    "visaRiskNotes": "Very small cohorts and remote location; avoid if study plan looks weak. (Study in Finland)",
    "operationalConfidence": "https://www.lapinamk.fi/en",
    "sourceUrl": 46071,
    "lastChecked": "Medium",
    "confidence": ""
  }
]