[
  {
    "id": "aix-marseille-university",
    "name": "Aix-Marseille University",
    "country": "france",
    "countryDisplay": "France",
    "city": "Marseille",
    "studyLevels": "",
    "type": "",
    "popularity": "",
    "whySelected": "",
    "costBand": "",
    "visaRiskNotes": "Public recognition is strong; visa still depends on credible academics and finances.",
    "operationalConfidence": "Safe",
    "sourceUrl": "https://www.univ-amu.fr/en",
    "lastChecked": 46062,
    "confidence": "Medium"
  },
  {
    "id": "audencia-business-school",
    "name": "Audencia Business School",
    "country": "france",
    "countryDisplay": "France",
    "city": "Nantes",
    "studyLevels": "",
    "type": "",
    "popularity": "",
    "whySelected": "",
    "costBand": "",
    "visaRiskNotes": "Private school; visa review still depends on program credibility and funds availability.",
    "operationalConfidence": "Use_with_Caution",
    "sourceUrl": "https://www.audencia.com/en",
    "lastChecked": 46062,
    "confidence": "Medium"
  },
  {
    "id": "centralesuplec",
    "name": "CentraleSupélec",
    "country": "france",
    "countryDisplay": "France",
    "city": "Gif-sur-Yvette",
    "studyLevels": "",
    "type": "",
    "popularity": "",
    "whySelected": "",
    "costBand": "",
    "visaRiskNotes": "Selective engineering school; visa hinges on coherent academics and funding.",
    "operationalConfidence": "Safe",
    "sourceUrl": "https://www.centralesupelec.fr/en",
    "lastChecked": 46062,
    "confidence": "Medium"
  },
  {
    "id": "claude-bernard-university-lyon-1",
    "name": "Claude Bernard University Lyon 1",
    "country": "france",
    "countryDisplay": "France",
    "city": "Lyon",
    "studyLevels": "",
    "type": "",
    "popularity": "",
    "whySelected": "",
    "costBand": "",
    "visaRiskNotes": "Public university; visa remains case-by-case with documentation checks.",
    "operationalConfidence": "Safe",
    "sourceUrl": "https://www.univ-lyon1.fr/en",
    "lastChecked": 46062,
    "confidence": "Medium"
  },
  {
    "id": "cole-des-ponts-paristech",
    "name": "École des Ponts ParisTech",
    "country": "france",
    "countryDisplay": "France",
    "city": "Champs-sur-Marne",
    "studyLevels": "",
    "type": "",
    "popularity": "",
    "whySelected": "",
    "costBand": "",
    "visaRiskNotes": "Highly selective; ensure funding and career link are explicit in documentation.",
    "operationalConfidence": "Safe",
    "sourceUrl": "https://www.ecoledesponts.fr/en",
    "lastChecked": 46062,
    "confidence": "Medium"
  },
  {
    "id": "cole-polytechnique",
    "name": "École Polytechnique",
    "country": "france",
    "countryDisplay": "France",
    "city": "Palaiseau",
    "studyLevels": "",
    "type": "",
    "popularity": "",
    "whySelected": "",
    "costBand": "",
    "visaRiskNotes": "Very selective; visa file must align with high academic standards and funding.",
    "operationalConfidence": "Safe",
    "sourceUrl": "https://www.polytechnique.edu/en",
    "lastChecked": 46062,
    "confidence": "Medium"
  },
  {
    "id": "edhec-business-school",
    "name": "EDHEC Business School",
    "country": "france",
    "countryDisplay": "France",
    "city": "Lille",
    "studyLevels": "",
    "type": "",
    "popularity": "",
    "whySelected": "",
    "costBand": "",
    "visaRiskNotes": "Private school; tuition and employability narratives should stay realistic in SOP and finances.",
    "operationalConfidence": "Safe",
    "sourceUrl": "https://www.edhec.edu/en",
    "lastChecked": 46062,
    "confidence": "Medium"
  },
  {
    "id": "escp-business-school",
    "name": "ESCP Business School",
    "country": "france",
    "countryDisplay": "France",
    "city": "Paris",
    "studyLevels": "",
    "type": "",
    "popularity": "",
    "whySelected": "",
    "costBand": "",
    "visaRiskNotes": "Private school with multi-campus routing; visa review is still France-based and document-driven.",
    "operationalConfidence": "Safe",
    "sourceUrl": "https://escp.eu/",
    "lastChecked": 46062,
    "confidence": "Medium"
  },
  {
    "id": "essec-business-school",
    "name": "ESSEC Business School",
    "country": "france",
    "countryDisplay": "France",
    "city": "Cergy",
    "studyLevels": "",
    "type": "",
    "popularity": "",
    "whySelected": "",
    "costBand": "",
    "visaRiskNotes": "Private school; ensure program level, outcomes, and finances are documented conservatively.",
    "operationalConfidence": "Safe",
    "sourceUrl": "https://www.essec.edu/en/",
    "lastChecked": 46062,
    "confidence": "Medium"
  },
  {
    "id": "grenoble-inp-institute-of-engineering-and-management",
    "name": "Grenoble INP Institute of Engineering and Management",
    "country": "france",
    "countryDisplay": "France",
    "city": "Grenoble",
    "studyLevels": "",
    "type": "",
    "popularity": "",
    "whySelected": "",
    "costBand": "",
    "visaRiskNotes": "Strong engineering institute; visa depends on credible academic fit and budgeting.",
    "operationalConfidence": "Safe",
    "sourceUrl": "https://www.grenoble-inp.fr/en",
    "lastChecked": 46062,
    "confidence": "Medium"
  },
  {
    "id": "hec-paris",
    "name": "HEC Paris",
    "country": "france",
    "countryDisplay": "France",
    "city": "Jouy-en-Josas",
    "studyLevels": "",
    "type": "",
    "popularity": "",
    "whySelected": "",
    "costBand": "",
    "visaRiskNotes": "Private tuition and ROI claims can draw scrutiny; file must show genuine study intent and realistic finances.",
    "operationalConfidence": "Safe",
    "sourceUrl": "https://www.hec.edu/en",
    "lastChecked": 46062,
    "confidence": "Medium"
  },
  {
    "id": "imt-atlantique",
    "name": "IMT Atlantique",
    "country": "france",
    "countryDisplay": "France",
    "city": "Brest",
    "studyLevels": "",
    "type": "",
    "popularity": "",
    "whySelected": "",
    "costBand": "",
    "visaRiskNotes": "Recognised engineering grande école; ensure campus city and costs are understood in file.",
    "operationalConfidence": "Safe",
    "sourceUrl": "https://www.imt-atlantique.fr/en",
    "lastChecked": 46062,
    "confidence": "Medium"
  },
  {
    "id": "insead",
    "name": "INSEAD",
    "country": "france",
    "countryDisplay": "France",
    "city": "Fontainebleau",
    "studyLevels": "",
    "type": "",
    "popularity": "",
    "whySelected": "",
    "costBand": "",
    "visaRiskNotes": "Private institution with short programs; visa route depends on program format and individual situation.",
    "operationalConfidence": "Safe",
    "sourceUrl": "https://www.insead.edu/",
    "lastChecked": 46062,
    "confidence": "Medium"
  },
  {
    "id": "institut-polytechnique-de-paris",
    "name": "Institut Polytechnique de Paris",
    "country": "france",
    "countryDisplay": "France",
    "city": "Palaiseau",
    "studyLevels": "",
    "type": "",
    "popularity": "",
    "whySelected": "",
    "costBand": "",
    "visaRiskNotes": "Strong recognition; still require tight program to career narrative and clean finances.",
    "operationalConfidence": "Safe",
    "sourceUrl": "https://www.ip-paris.fr/en",
    "lastChecked": 46062,
    "confidence": "Medium"
  },
  {
    "id": "kedge-business-school",
    "name": "KEDGE Business School",
    "country": "france",
    "countryDisplay": "France",
    "city": "Bordeaux",
    "studyLevels": "",
    "type": "",
    "popularity": "",
    "whySelected": "",
    "costBand": "",
    "visaRiskNotes": "Private school; keep expectations conservative and align program choice with prior academics.",
    "operationalConfidence": "Use_with_Caution",
    "sourceUrl": "https://kedge.edu/",
    "lastChecked": 46062,
    "confidence": "Medium"
  },
  {
    "id": "nantes-university",
    "name": "Nantes University",
    "country": "france",
    "countryDisplay": "France",
    "city": "Nantes",
    "studyLevels": "",
    "type": "",
    "popularity": "",
    "whySelected": "",
    "costBand": "",
    "visaRiskNotes": "Public university; ensure program language and outcomes are realistic for profile.",
    "operationalConfidence": "Safe",
    "sourceUrl": "https://www.univ-nantes.fr/en",
    "lastChecked": 46062,
    "confidence": "Medium"
  },
  {
    "id": "neoma-business-school",
    "name": "NEOMA Business School",
    "country": "france",
    "countryDisplay": "France",
    "city": "Reims",
    "studyLevels": "",
    "type": "",
    "popularity": "",
    "whySelected": "",
    "costBand": "",
    "visaRiskNotes": "Private school; visa can be more sensitive if profile to program logic is weak.",
    "operationalConfidence": "Use_with_Caution",
    "sourceUrl": "https://www.neoma-bs.com/",
    "lastChecked": 46062,
    "confidence": "Medium"
  },
  {
    "id": "psl-university",
    "name": "PSL University",
    "country": "france",
    "countryDisplay": "France",
    "city": "Paris",
    "studyLevels": "",
    "type": "",
    "popularity": "",
    "whySelected": "",
    "costBand": "",
    "visaRiskNotes": "Highly selective; visa hinges on credible academic trajectory and funding proof.",
    "operationalConfidence": "Safe",
    "sourceUrl": "https://psl.eu/en",
    "lastChecked": 46062,
    "confidence": "Medium"
  },
  {
    "id": "sciences-po",
    "name": "Sciences Po",
    "country": "france",
    "countryDisplay": "France",
    "city": "Paris",
    "studyLevels": "",
    "type": "",
    "popularity": "",
    "whySelected": "",
    "costBand": "",
    "visaRiskNotes": "Well recognised; visa still requires credible study intent and finances.",
    "operationalConfidence": "Safe",
    "sourceUrl": "https://www.sciencespo.fr/en/",
    "lastChecked": 46062,
    "confidence": "Medium"
  },
  {
    "id": "skema-business-school",
    "name": "SKEMA Business School",
    "country": "france",
    "countryDisplay": "France",
    "city": "Lille",
    "studyLevels": "",
    "type": "",
    "popularity": "",
    "whySelected": "",
    "costBand": "",
    "visaRiskNotes": "Private school with multiple campuses; ensure French campus enrollment and finances are clear.",
    "operationalConfidence": "Safe",
    "sourceUrl": "https://www.skema.edu/",
    "lastChecked": 46062,
    "confidence": "Medium"
  },
  {
    "id": "sorbonne-university",
    "name": "Sorbonne University",
    "country": "france",
    "countryDisplay": "France",
    "city": "Paris",
    "studyLevels": "",
    "type": "",
    "popularity": "",
    "whySelected": "",
    "costBand": "",
    "visaRiskNotes": "Strongly recognised; visa decisions still depend on study plan, finances, and academic fit.",
    "operationalConfidence": "Safe",
    "sourceUrl": "https://www.sorbonne-universite.fr/en",
    "lastChecked": 46062,
    "confidence": "High"
  },
  {
    "id": "toulouse-iii-paul-sabatier-university",
    "name": "Toulouse III Paul Sabatier University",
    "country": "france",
    "countryDisplay": "France",
    "city": "Toulouse",
    "studyLevels": "",
    "type": "",
    "popularity": "",
    "whySelected": "",
    "costBand": "",
    "visaRiskNotes": "Public recognition; STEM programs can be demanding, so fit matters.",
    "operationalConfidence": "Safe",
    "sourceUrl": "https://en.univ-toulouse3.fr/",
    "lastChecked": 46062,
    "confidence": "Medium"
  },
  {
    "id": "toulouse-inp",
    "name": "Toulouse INP",
    "country": "france",
    "countryDisplay": "France",
    "city": "Toulouse",
    "studyLevels": "",
    "type": "",
    "popularity": "",
    "whySelected": "",
    "costBand": "",
    "visaRiskNotes": "Recognised engineering pathway; strong file coherence still required.",
    "operationalConfidence": "Safe",
    "sourceUrl": "https://www.inp-toulouse.fr/en/",
    "lastChecked": 46062,
    "confidence": "Medium"
  },
  {
    "id": "universit-cte-dazur",
    "name": "Université Côte d'Azur",
    "country": "france",
    "countryDisplay": "France",
    "city": "Nice",
    "studyLevels": "",
    "type": "",
    "popularity": "",
    "whySelected": "",
    "costBand": "",
    "visaRiskNotes": "Recognised public university; higher living costs can trigger budget scrutiny.",
    "operationalConfidence": "Safe",
    "sourceUrl": "https://univ-cotedazur.eu/",
    "lastChecked": 46062,
    "confidence": "Medium"
  },
  {
    "id": "universit-de-bordeaux",
    "name": "Université de Bordeaux",
    "country": "france",
    "countryDisplay": "France",
    "city": "Bordeaux",
    "studyLevels": "",
    "type": "",
    "popularity": "",
    "whySelected": "",
    "costBand": "",
    "visaRiskNotes": "Public university; visa assessment remains case-by-case and document-driven.",
    "operationalConfidence": "Safe",
    "sourceUrl": "https://www.u-bordeaux.com/",
    "lastChecked": 46062,
    "confidence": "Medium"
  },
  {
    "id": "universit-de-lille",
    "name": "Université de Lille",
    "country": "france",
    "countryDisplay": "France",
    "city": "Lille",
    "studyLevels": "",
    "type": "",
    "popularity": "",
    "whySelected": "",
    "costBand": "",
    "visaRiskNotes": "Public university; visa depends on strong file and realistic financing.",
    "operationalConfidence": "Safe",
    "sourceUrl": "https://www.univ-lille.fr/english",
    "lastChecked": 46062,
    "confidence": "Medium"
  },
  {
    "id": "universit-de-montpellier",
    "name": "Université de Montpellier",
    "country": "france",
    "countryDisplay": "France",
    "city": "Montpellier",
    "studyLevels": "",
    "type": "",
    "popularity": "",
    "whySelected": "",
    "costBand": "",
    "visaRiskNotes": "Public recognition; program language mix means French helps for daily integration.",
    "operationalConfidence": "Safe",
    "sourceUrl": "https://www.umontpellier.fr/en",
    "lastChecked": 46062,
    "confidence": "Medium"
  },
  {
    "id": "universit-de-strasbourg",
    "name": "Université de Strasbourg",
    "country": "france",
    "countryDisplay": "France",
    "city": "Strasbourg",
    "studyLevels": "",
    "type": "",
    "popularity": "",
    "whySelected": "",
    "costBand": "",
    "visaRiskNotes": "Recognised public university; French language expectations can matter for internships.",
    "operationalConfidence": "Safe",
    "sourceUrl": "https://www.unistra.fr/index.php?id=lang_en",
    "lastChecked": 46062,
    "confidence": "Medium"
  },
  {
    "id": "universit-grenoble-alpes",
    "name": "Université Grenoble Alpes",
    "country": "france",
    "countryDisplay": "France",
    "city": "Grenoble",
    "studyLevels": "",
    "type": "",
    "popularity": "",
    "whySelected": "",
    "costBand": "",
    "visaRiskNotes": "Strong public university; visa depends on full documentation and realistic budget.",
    "operationalConfidence": "Safe",
    "sourceUrl": "https://www.univ-grenoble-alpes.fr/en",
    "lastChecked": 46062,
    "confidence": "High"
  },
  {
    "id": "universit-paris-saclay",
    "name": "Université Paris-Saclay",
    "country": "france",
    "countryDisplay": "France",
    "city": "Paris",
    "studyLevels": "",
    "type": "",
    "popularity": "",
    "whySelected": "",
    "costBand": "",
    "visaRiskNotes": "Competitive programs can increase scrutiny on academic coherence; documentation must be consistent.",
    "operationalConfidence": "Safe",
    "sourceUrl": "https://www.universite-paris-saclay.fr/en",
    "lastChecked": 46062,
    "confidence": "High"
  },
  {
    "id": "university-of-lorraine",
    "name": "University of Lorraine",
    "country": "france",
    "countryDisplay": "France",
    "city": "Nancy",
    "studyLevels": "",
    "type": "",
    "popularity": "",
    "whySelected": "",
    "costBand": "",
    "visaRiskNotes": "Public recognition; applicants should show clear rationale for region and program fit.",
    "operationalConfidence": "Safe",
    "sourceUrl": "https://www.univ-lorraine.fr/en/",
    "lastChecked": 46062,
    "confidence": "Medium"
  },
  {
    "id": "university-of-rennes",
    "name": "University of Rennes",
    "country": "france",
    "countryDisplay": "France",
    "city": "Rennes",
    "studyLevels": "",
    "type": "",
    "popularity": "",
    "whySelected": "",
    "costBand": "",
    "visaRiskNotes": "Public university; visa depends on documentation and credible intent.",
    "operationalConfidence": "Safe",
    "sourceUrl": "https://www.univ-rennes.fr/en",
    "lastChecked": 46062,
    "confidence": "Medium"
  }
]