[
  {
    "id": "technical-university-of-munich",
    "name": "Technical University of Munich",
    "country": "germany",
    "countryDisplay": "Germany",
    "city": "Munich",
    "studyLevels": "",
    "type": "",
    "popularity": "",
    "whySelected": "",
    "costBand": "",
    "visaRiskNotes": "High scrutiny for academics and finances; tuition applies for many non EU cohorts; blocked funds evidence required",
    "operationalConfidence": "Safe",
    "sourceUrl": "https://www.tum.de/en/studies/fees/tuition",
    "lastChecked": 46071,
    "confidence": "High"
  },
  {
    "id": "ludwig-maximilian-university-of-munich",
    "name": "Ludwig Maximilian University of Munich",
    "country": "germany",
    "countryDisplay": "Germany",
    "city": "Munich",
    "studyLevels": "",
    "type": "",
    "popularity": "",
    "whySelected": "",
    "costBand": "",
    "visaRiskNotes": "Public pathway is well understood; ensure programme language and funds are clear",
    "operationalConfidence": "Safe",
    "sourceUrl": "https://www.lmu.de/en/",
    "lastChecked": 46071,
    "confidence": "Medium"
  },
  {
    "id": "rwth-aachen-university",
    "name": "RWTH Aachen University",
    "country": "germany",
    "countryDisplay": "Germany",
    "city": "Aachen",
    "studyLevels": "",
    "type": "",
    "popularity": "",
    "whySelected": "",
    "costBand": "",
    "visaRiskNotes": "Public pathway; visa assessment depends on academic fit and funds",
    "operationalConfidence": "Safe",
    "sourceUrl": "https://www.rwth-aachen.de/go/id/a/?lidx=1",
    "lastChecked": 46071,
    "confidence": "Medium"
  },
  {
    "id": "heidelberg-university",
    "name": "Heidelberg University",
    "country": "germany",
    "countryDisplay": "Germany",
    "city": "Heidelberg",
    "studyLevels": "",
    "type": "",
    "popularity": "",
    "whySelected": "",
    "costBand": "",
    "visaRiskNotes": "Baden Württemberg state can charge non EU tuition; verify programme language and total costs",
    "operationalConfidence": "Safe",
    "sourceUrl": "https://www.uni-heidelberg.de/en",
    "lastChecked": 46071,
    "confidence": "Medium"
  },
  {
    "id": "humboldt-university-of-berlin",
    "name": "Humboldt University of Berlin",
    "country": "germany",
    "countryDisplay": "Germany",
    "city": "Berlin",
    "studyLevels": "",
    "type": "",
    "popularity": "",
    "whySelected": "",
    "costBand": "",
    "visaRiskNotes": "Public pathway; ensure course language proof and blocked funds",
    "operationalConfidence": "Safe",
    "sourceUrl": "https://www.hu-berlin.de/en",
    "lastChecked": 46071,
    "confidence": "Medium"
  },
  {
    "id": "free-university-of-berlin",
    "name": "Free University of Berlin",
    "country": "germany",
    "countryDisplay": "Germany",
    "city": "Berlin",
    "studyLevels": "",
    "type": "",
    "popularity": "",
    "whySelected": "",
    "costBand": "",
    "visaRiskNotes": "Public pathway; English masters common but not universal",
    "operationalConfidence": "Safe",
    "sourceUrl": "https://www.fu-berlin.de/en/",
    "lastChecked": 46071,
    "confidence": "Medium"
  },
  {
    "id": "technical-university-of-berlin",
    "name": "Technical University of Berlin",
    "country": "germany",
    "countryDisplay": "Germany",
    "city": "Berlin",
    "studyLevels": "",
    "type": "",
    "popularity": "",
    "whySelected": "",
    "costBand": "",
    "visaRiskNotes": "Public pathway; programme fit and finances are key",
    "operationalConfidence": "Safe",
    "sourceUrl": "https://www.tu.berlin/en/",
    "lastChecked": 46071,
    "confidence": "Medium"
  },
  {
    "id": "university-of-hamburg",
    "name": "University of Hamburg",
    "country": "germany",
    "countryDisplay": "Germany",
    "city": "Hamburg",
    "studyLevels": "",
    "type": "",
    "popularity": "",
    "whySelected": "",
    "costBand": "",
    "visaRiskNotes": "Public pathway; English masters available; confirm language per programme",
    "operationalConfidence": "Safe",
    "sourceUrl": "https://www.uni-hamburg.de/en.html",
    "lastChecked": 46071,
    "confidence": "Medium"
  },
  {
    "id": "goethe-university-frankfurt",
    "name": "Goethe University Frankfurt",
    "country": "germany",
    "countryDisplay": "Germany",
    "city": "Frankfurt",
    "studyLevels": "",
    "type": "",
    "popularity": "",
    "whySelected": "",
    "costBand": "",
    "visaRiskNotes": "Public pathway; higher cost city so funding evidence matters",
    "operationalConfidence": "Safe",
    "sourceUrl": "https://www.goethe-university-frankfurt.de/en",
    "lastChecked": 46071,
    "confidence": "Medium"
  },
  {
    "id": "university-of-cologne",
    "name": "University of Cologne",
    "country": "germany",
    "countryDisplay": "Germany",
    "city": "Cologne",
    "studyLevels": "",
    "type": "",
    "popularity": "",
    "whySelected": "",
    "costBand": "",
    "visaRiskNotes": "Public pathway; confirm English track and practical fit",
    "operationalConfidence": "Safe",
    "sourceUrl": "https://www.uni-koeln.de/en/",
    "lastChecked": 46071,
    "confidence": "Medium"
  },
  {
    "id": "university-of-bonn",
    "name": "University of Bonn",
    "country": "germany",
    "countryDisplay": "Germany",
    "city": "Bonn",
    "studyLevels": "",
    "type": "",
    "popularity": "",
    "whySelected": "",
    "costBand": "",
    "visaRiskNotes": "Public pathway; selective programmes require strong profile",
    "operationalConfidence": "Safe",
    "sourceUrl": "https://www.uni-bonn.de/en",
    "lastChecked": 46071,
    "confidence": "Medium"
  },
  {
    "id": "university-of-mannheim",
    "name": "University of Mannheim",
    "country": "germany",
    "countryDisplay": "Germany",
    "city": "Mannheim",
    "studyLevels": "",
    "type": "",
    "popularity": "",
    "whySelected": "",
    "costBand": "",
    "visaRiskNotes": "Baden Württemberg state can charge non EU tuition; business programmes are competitive",
    "operationalConfidence": "Safe",
    "sourceUrl": "https://www.uni-mannheim.de/en/",
    "lastChecked": 46071,
    "confidence": "Medium"
  },
  {
    "id": "university-of-freiburg",
    "name": "University of Freiburg",
    "country": "germany",
    "countryDisplay": "Germany",
    "city": "Freiburg im Breisgau",
    "studyLevels": "",
    "type": "",
    "popularity": "",
    "whySelected": "",
    "costBand": "",
    "visaRiskNotes": "Baden Württemberg state can charge non EU tuition; confirm English pathway",
    "operationalConfidence": "Safe",
    "sourceUrl": "https://www.uni-freiburg.de/en/",
    "lastChecked": 46071,
    "confidence": "Medium"
  },
  {
    "id": "university-of-stuttgart",
    "name": "University of Stuttgart",
    "country": "germany",
    "countryDisplay": "Germany",
    "city": "Stuttgart",
    "studyLevels": "",
    "type": "",
    "popularity": "",
    "whySelected": "",
    "costBand": "",
    "visaRiskNotes": "Baden Württemberg state can charge non EU tuition; tech programmes demand strong academics",
    "operationalConfidence": "Safe",
    "sourceUrl": "https://www.uni-stuttgart.de/en/",
    "lastChecked": 46071,
    "confidence": "Medium"
  },
  {
    "id": "karlsruhe-institute-of-technology",
    "name": "Karlsruhe Institute of Technology",
    "country": "germany",
    "countryDisplay": "Germany",
    "city": "Karlsruhe",
    "studyLevels": "",
    "type": "",
    "popularity": "",
    "whySelected": "",
    "costBand": "",
    "visaRiskNotes": "Baden Württemberg state can charge non EU tuition; ensure programme language is English track",
    "operationalConfidence": "Safe",
    "sourceUrl": "https://www.kit.edu/english/",
    "lastChecked": 46071,
    "confidence": "Medium"
  },
  {
    "id": "tu-dresden",
    "name": "TU Dresden",
    "country": "germany",
    "countryDisplay": "Germany",
    "city": "Dresden",
    "studyLevels": "",
    "type": "",
    "popularity": "",
    "whySelected": "",
    "costBand": "",
    "visaRiskNotes": "Public pathway; lower cost city helps financial proof",
    "operationalConfidence": "Safe",
    "sourceUrl": "https://tu-dresden.de/en",
    "lastChecked": 46071,
    "confidence": "Medium"
  },
  {
    "id": "university-of-leipzig",
    "name": "University of Leipzig",
    "country": "germany",
    "countryDisplay": "Germany",
    "city": "Leipzig",
    "studyLevels": "",
    "type": "",
    "popularity": "",
    "whySelected": "",
    "costBand": "",
    "visaRiskNotes": "Public pathway; confirm English track availability",
    "operationalConfidence": "Safe",
    "sourceUrl": "https://www.uni-leipzig.de/en/",
    "lastChecked": 46071,
    "confidence": "Medium"
  },
  {
    "id": "friedrich-alexander-university-erlangen-nuremberg",
    "name": "Friedrich Alexander University Erlangen Nuremberg",
    "country": "germany",
    "countryDisplay": "Germany",
    "city": "Erlangen",
    "studyLevels": "",
    "type": "",
    "popularity": "",
    "whySelected": "",
    "costBand": "",
    "visaRiskNotes": "Public pathway; STEM fit and funding evidence required",
    "operationalConfidence": "Safe",
    "sourceUrl": "https://www.fau.eu/",
    "lastChecked": 46071,
    "confidence": "Medium"
  },
  {
    "id": "tu-darmstadt",
    "name": "TU Darmstadt",
    "country": "germany",
    "countryDisplay": "Germany",
    "city": "Darmstadt",
    "studyLevels": "",
    "type": "",
    "popularity": "",
    "whySelected": "",
    "costBand": "",
    "visaRiskNotes": "Public pathway; tech admissions can be demanding",
    "operationalConfidence": "Safe",
    "sourceUrl": "https://www.tu-darmstadt.de/index.en.jsp",
    "lastChecked": 46071,
    "confidence": "Medium"
  },
  {
    "id": "leibniz-university-hannover",
    "name": "Leibniz University Hannover",
    "country": "germany",
    "countryDisplay": "Germany",
    "city": "Hanover",
    "studyLevels": "",
    "type": "",
    "popularity": "",
    "whySelected": "",
    "costBand": "",
    "visaRiskNotes": "Public pathway; verify programme language per track",
    "operationalConfidence": "Safe",
    "sourceUrl": "https://www.uni-hannover.de/en/",
    "lastChecked": 46071,
    "confidence": "Medium"
  },
  {
    "id": "university-of-saarland",
    "name": "University of Saarland",
    "country": "germany",
    "countryDisplay": "Germany",
    "city": "Saarbrücken",
    "studyLevels": "",
    "type": "",
    "popularity": "",
    "whySelected": "",
    "costBand": "",
    "visaRiskNotes": "Public pathway; confirm English masters and internship realism",
    "operationalConfidence": "Safe",
    "sourceUrl": "https://www.uni-saarland.de/en/home.html",
    "lastChecked": 46071,
    "confidence": "Medium"
  },
  {
    "id": "paderborn-university",
    "name": "Paderborn University",
    "country": "germany",
    "countryDisplay": "Germany",
    "city": "Paderborn",
    "studyLevels": "",
    "type": "",
    "popularity": "",
    "whySelected": "",
    "costBand": "",
    "visaRiskNotes": "Public pathway; smaller city means fewer part time job options",
    "operationalConfidence": "Safe",
    "sourceUrl": "https://www.uni-paderborn.de/en/",
    "lastChecked": 46071,
    "confidence": "Medium"
  },
  {
    "id": "munich-university-of-applied-sciences",
    "name": "Munich University of Applied Sciences",
    "country": "germany",
    "countryDisplay": "Germany",
    "city": "Munich",
    "studyLevels": "",
    "type": "",
    "popularity": "",
    "whySelected": "",
    "costBand": "",
    "visaRiskNotes": "Applied sciences are credible but visa officers may check study plan practicality; Munich costs increase funding scrutiny",
    "operationalConfidence": "Safe",
    "sourceUrl": "https://www.hm.edu/en/index.en.html",
    "lastChecked": 46071,
    "confidence": "Medium"
  },
  {
    "id": "frankfurt-university-of-applied-sciences",
    "name": "Frankfurt University of Applied Sciences",
    "country": "germany",
    "countryDisplay": "Germany",
    "city": "Frankfurt",
    "studyLevels": "",
    "type": "",
    "popularity": "",
    "whySelected": "",
    "costBand": "",
    "visaRiskNotes": "Applied sciences path is common; funding and study plan clarity matter",
    "operationalConfidence": "Safe",
    "sourceUrl": "https://www.frankfurt-university.de/en/",
    "lastChecked": 46071,
    "confidence": "Medium"
  },
  {
    "id": "hochschule-bonn-rhein-sieg-university-of-applied-sciences",
    "name": "Hochschule Bonn Rhein Sieg University of Applied Sciences",
    "country": "germany",
    "countryDisplay": "Germany",
    "city": "Sankt Augustin",
    "studyLevels": "",
    "type": "",
    "popularity": "",
    "whySelected": "",
    "costBand": "",
    "visaRiskNotes": "Applied sciences; ensure programme is English taught and aligned to prior studies",
    "operationalConfidence": "Safe",
    "sourceUrl": "https://www.h-brs.de/en",
    "lastChecked": 46071,
    "confidence": "Medium"
  },
  {
    "id": "constructor-university-bremen",
    "name": "Constructor University Bremen",
    "country": "germany",
    "countryDisplay": "Germany",
    "city": "Bremen",
    "studyLevels": "",
    "type": "",
    "popularity": "",
    "whySelected": "",
    "costBand": "",
    "visaRiskNotes": "Private high fee model increases scrutiny; show strong academic rationale and funding",
    "operationalConfidence": "Use_with_Caution",
    "sourceUrl": "https://constructor.university/programs/undergraduate-education/international-business-administration",
    "lastChecked": 46071,
    "confidence": "High"
  },
  {
    "id": "iu-international-university-of-applied-sciences",
    "name": "IU International University of Applied Sciences",
    "country": "germany",
    "countryDisplay": "Germany",
    "city": "Berlin",
    "studyLevels": "",
    "type": "",
    "popularity": "",
    "whySelected": "",
    "costBand": "",
    "visaRiskNotes": "Private provider with high fees; visa officers may probe motivation and ROI; ensure credible study plan",
    "operationalConfidence": "Use_with_Caution",
    "sourceUrl": "https://www.iu.org/start-studying/tuition-fees/",
    "lastChecked": 46071,
    "confidence": "High"
  },
  {
    "id": "gisma-university-of-applied-sciences",
    "name": "GISMA University of Applied Sciences",
    "country": "germany",
    "countryDisplay": "Germany",
    "city": "Potsdam",
    "studyLevels": "",
    "type": "",
    "popularity": "",
    "whySelected": "",
    "costBand": "",
    "visaRiskNotes": "Private provider; expect closer scrutiny on course quality and finances",
    "operationalConfidence": "Use_with_Caution",
    "sourceUrl": "https://www.gisma.com/life-at-gisma/tuition-fees-and-funding",
    "lastChecked": 46071,
    "confidence": "High"
  },
  {
    "id": "srh-university",
    "name": "SRH University",
    "country": "germany",
    "countryDisplay": "Germany",
    "city": "Berlin",
    "studyLevels": "",
    "type": "",
    "popularity": "",
    "whySelected": "",
    "costBand": "",
    "visaRiskNotes": "Private university; visa review often focuses on academic value and realistic funding",
    "operationalConfidence": "Use_with_Caution",
    "sourceUrl": "https://www.srh-university.de/fileadmin/1HE/PDF-Downloads/Broschueren/SRH-University-Tuition-Fees-EN-Non-EU_digital_4.pdf",
    "lastChecked": 46071,
    "confidence": "High"
  },
  {
    "id": "whu-otto-beisheim-school-of-management",
    "name": "WHU Otto Beisheim School of Management",
    "country": "germany",
    "countryDisplay": "Germany",
    "city": "Vallendar",
    "studyLevels": "",
    "type": "",
    "popularity": "",
    "whySelected": "",
    "costBand": "",
    "visaRiskNotes": "Expensive business school; show strong profile and funding; visa depends on overall case",
    "operationalConfidence": "Safe",
    "sourceUrl": "https://www.whu.edu/en/",
    "lastChecked": 46071,
    "confidence": "Medium"
  },
  {
    "id": "university-of-applied-sciences-heilbronn",
    "name": "University of Applied Sciences Heilbronn",
    "country": "germany",
    "countryDisplay": "Germany",
    "city": "Heilbronn",
    "studyLevels": "",
    "type": "",
    "popularity": "",
    "whySelected": "",
    "costBand": "",
    "visaRiskNotes": "Baden Württemberg non EU tuition applies; confirm English track and total budget",
    "operationalConfidence": "Safe",
    "sourceUrl": "https://www.hs-heilbronn.de/en/tuition-fees",
    "lastChecked": 46071,
    "confidence": "High"
  }
]