[
  {
    "id": "budapest-metropolitan-university",
    "name": "Budapest Metropolitan University",
    "country": "hungary",
    "countryDisplay": "Hungary",
    "city": "Budapest",
    "studyLevels": "",
    "type": "",
    "popularity": "",
    "whySelected": "",
    "costBand": "",
    "visaRiskNotes": "Private institution cases can face extra credibility and intent scrutiny; ensure strong academic fit and clean finances.",
    "operationalConfidence": "Use_with_Caution",
    "sourceUrl": "https://stipendiumhungaricum.hu/study-finder/",
    "lastChecked": 46071,
    "confidence": "Medium"
  },
  {
    "id": "budapest-university-of-economics-and-business",
    "name": "Budapest University of Economics and Business",
    "country": "hungary",
    "countryDisplay": "Hungary",
    "city": "Budapest",
    "studyLevels": "",
    "type": "",
    "popularity": "",
    "whySelected": "",
    "costBand": "",
    "visaRiskNotes": "Standard student residence scrutiny; show credible study plan and sufficient funds.",
    "operationalConfidence": "Safe",
    "sourceUrl": "https://stipendiumhungaricum.hu/study-finder/",
    "lastChecked": 46071,
    "confidence": "Medium"
  },
  {
    "id": "budapest-university-of-technology-and-economics",
    "name": "Budapest University of Technology and Economics",
    "country": "hungary",
    "countryDisplay": "Hungary",
    "city": "Budapest",
    "studyLevels": "",
    "type": "",
    "popularity": "",
    "whySelected": "",
    "costBand": "",
    "visaRiskNotes": "Strong academics help; still requires consistent documentation and program alignment.",
    "operationalConfidence": "Safe",
    "sourceUrl": "https://stipendiumhungaricum.hu/study-finder/",
    "lastChecked": 46071,
    "confidence": "Medium"
  },
  {
    "id": "corvinus-university-of-budapest",
    "name": "Corvinus University of Budapest",
    "country": "hungary",
    "countryDisplay": "Hungary",
    "city": "Budapest",
    "studyLevels": "",
    "type": "",
    "popularity": "",
    "whySelected": "",
    "costBand": "",
    "visaRiskNotes": "Competitive programs; visa decision still depends on finances and credible study intent.",
    "operationalConfidence": "Safe",
    "sourceUrl": "https://stipendiumhungaricum.hu/study-finder/",
    "lastChecked": 46071,
    "confidence": "Medium"
  },
  {
    "id": "dennis-gabor-university-of-applied-sciences",
    "name": "Dennis Gabor University of Applied Sciences",
    "country": "hungary",
    "countryDisplay": "Hungary",
    "city": "Budapest",
    "studyLevels": "",
    "type": "",
    "popularity": "",
    "whySelected": "",
    "costBand": "",
    "visaRiskNotes": "Applied sciences private profile can face added scrutiny; avoid weak profiles and unclear progression.",
    "operationalConfidence": "Use_with_Caution",
    "sourceUrl": "https://stipendiumhungaricum.hu/study-finder/",
    "lastChecked": 46071,
    "confidence": "Low"
  },
  {
    "id": "etvs-jzsef-college",
    "name": "Eötvös József College",
    "country": "hungary",
    "countryDisplay": "Hungary",
    "city": "Baja",
    "studyLevels": "",
    "type": "",
    "popularity": "",
    "whySelected": "",
    "costBand": "",
    "visaRiskNotes": "Smaller city college requires very clear academic rationale and progression story.",
    "operationalConfidence": "Use_with_Caution",
    "sourceUrl": "https://stipendiumhungaricum.hu/study-finder/",
    "lastChecked": 46071,
    "confidence": "Low"
  },
  {
    "id": "etvs-lornd-university",
    "name": "Eötvös Loránd University",
    "country": "hungary",
    "countryDisplay": "Hungary",
    "city": "Budapest",
    "studyLevels": "",
    "type": "",
    "popularity": "",
    "whySelected": "",
    "costBand": "",
    "visaRiskNotes": "Strong public university; typical documentation checks still apply.",
    "operationalConfidence": "Safe",
    "sourceUrl": "https://stipendiumhungaricum.hu/study-finder/",
    "lastChecked": 46071,
    "confidence": "Medium"
  },
  {
    "id": "eszterhzy-kroly-catholic-university",
    "name": "Eszterházy Károly Catholic University",
    "country": "hungary",
    "countryDisplay": "Hungary",
    "city": "Eger",
    "studyLevels": "",
    "type": "",
    "popularity": "",
    "whySelected": "",
    "costBand": "",
    "visaRiskNotes": "Church maintained profile is legitimate but smaller; ensure program is clearly English taught and outcomes are realistic.",
    "operationalConfidence": "Use_with_Caution",
    "sourceUrl": "https://stipendiumhungaricum.hu/study-finder/",
    "lastChecked": 46071,
    "confidence": "Low"
  },
  {
    "id": "hungarian-dance-university",
    "name": "Hungarian Dance University",
    "country": "hungary",
    "countryDisplay": "Hungary",
    "city": "Budapest",
    "studyLevels": "",
    "type": "",
    "popularity": "",
    "whySelected": "",
    "costBand": "",
    "visaRiskNotes": "Specialist arts pathway can face intent scrutiny; requires strong portfolio and credible career plan.",
    "operationalConfidence": "Use_with_Caution",
    "sourceUrl": "https://stipendiumhungaricum.hu/study-finder/",
    "lastChecked": 46071,
    "confidence": "Low"
  },
  {
    "id": "hungarian-university-of-agriculture-and-life-science",
    "name": "Hungarian University of Agriculture and Life Science",
    "country": "hungary",
    "countryDisplay": "Hungary",
    "city": "Gödöllő",
    "studyLevels": "",
    "type": "",
    "popularity": "",
    "whySelected": "",
    "costBand": "",
    "visaRiskNotes": "Standard scrutiny; show clear academic continuity and funding.",
    "operationalConfidence": "Safe",
    "sourceUrl": "https://stipendiumhungaricum.hu/study-finder/",
    "lastChecked": 46071,
    "confidence": "Medium"
  },
  {
    "id": "hungarian-university-of-fine-arts",
    "name": "Hungarian University of Fine Arts",
    "country": "hungary",
    "countryDisplay": "Hungary",
    "city": "Budapest",
    "studyLevels": "",
    "type": "",
    "popularity": "",
    "whySelected": "",
    "costBand": "",
    "visaRiskNotes": "Portfolio dependent admissions; visa credibility depends heavily on clear progression and finances.",
    "operationalConfidence": "Use_with_Caution",
    "sourceUrl": "https://stipendiumhungaricum.hu/study-finder/",
    "lastChecked": 46071,
    "confidence": "Low"
  },
  {
    "id": "hungarian-university-of-sports-science",
    "name": "Hungarian University of Sports Science",
    "country": "hungary",
    "countryDisplay": "Hungary",
    "city": "Budapest",
    "studyLevels": "",
    "type": "",
    "popularity": "",
    "whySelected": "",
    "costBand": "",
    "visaRiskNotes": "Specialist field; ensure career plan is credible and not purely migration driven.",
    "operationalConfidence": "Use_with_Caution",
    "sourceUrl": "https://stipendiumhungaricum.hu/study-finder/",
    "lastChecked": 46071,
    "confidence": "Low"
  },
  {
    "id": "kroli-gspr-university-of-the-reformed-church-in-hungary",
    "name": "Károli Gáspár University of the Reformed Church in Hungary",
    "country": "hungary",
    "countryDisplay": "Hungary",
    "city": "Budapest",
    "studyLevels": "",
    "type": "",
    "popularity": "",
    "whySelected": "",
    "costBand": "",
    "visaRiskNotes": "Smaller church maintained institution; visa scrutiny can increase if academic fit is weak.",
    "operationalConfidence": "Use_with_Caution",
    "sourceUrl": "https://stipendiumhungaricum.hu/study-finder/",
    "lastChecked": 46071,
    "confidence": "Low"
  },
  {
    "id": "kodolnyi-jnos-university",
    "name": "Kodolányi János University",
    "country": "hungary",
    "countryDisplay": "Hungary",
    "city": "Székesfehérvár",
    "studyLevels": "",
    "type": "",
    "popularity": "",
    "whySelected": "",
    "costBand": "",
    "visaRiskNotes": "Private institution with lower selectivity can face higher intent scrutiny; avoid weak profiles and unclear ROI.",
    "operationalConfidence": "Use_with_Caution",
    "sourceUrl": "https://stipendiumhungaricum.hu/study-finder/",
    "lastChecked": 46071,
    "confidence": "Low"
  },
  {
    "id": "john-von-neumann-university",
    "name": "John Von Neumann University",
    "country": "hungary",
    "countryDisplay": "Hungary",
    "city": "Kecskemét",
    "studyLevels": "",
    "type": "",
    "popularity": "",
    "whySelected": "",
    "costBand": "",
    "visaRiskNotes": "Applied sciences profile requires clear justification; smaller city and lower visibility can raise questions.",
    "operationalConfidence": "Use_with_Caution",
    "sourceUrl": "https://stipendiumhungaricum.hu/study-finder/",
    "lastChecked": 46071,
    "confidence": "Low"
  },
  {
    "id": "john-wesley-theological-college",
    "name": "John Wesley Theological College",
    "country": "hungary",
    "countryDisplay": "Hungary",
    "city": "Budapest",
    "studyLevels": "",
    "type": "",
    "popularity": "",
    "whySelected": "",
    "costBand": "",
    "visaRiskNotes": "Theology aligned admissions; visa scrutiny can be high if study intent is not clearly academic and career linked.",
    "operationalConfidence": "Do_Not_Recommend",
    "sourceUrl": "https://stipendiumhungaricum.hu/study-finder/",
    "lastChecked": 46071,
    "confidence": "Low"
  },
  {
    "id": "liszt-ferenc-academy-of-music",
    "name": "Liszt Ferenc Academy of Music",
    "country": "hungary",
    "countryDisplay": "Hungary",
    "city": "Budapest",
    "studyLevels": "",
    "type": "",
    "popularity": "",
    "whySelected": "",
    "costBand": "",
    "visaRiskNotes": "Portfolio and audition based; strong proof of purpose and funding needed.",
    "operationalConfidence": "Use_with_Caution",
    "sourceUrl": "https://stipendiumhungaricum.hu/study-finder/",
    "lastChecked": 46071,
    "confidence": "Low"
  },
  {
    "id": "ludovika-university-of-public-service",
    "name": "Ludovika University of Public Service",
    "country": "hungary",
    "countryDisplay": "Hungary",
    "city": "Budapest",
    "studyLevels": "",
    "type": "",
    "popularity": "",
    "whySelected": "",
    "costBand": "",
    "visaRiskNotes": "Public service focus can have restricted or narrow program eligibility; ensure correct intake and language track.",
    "operationalConfidence": "Use_with_Caution",
    "sourceUrl": "https://stipendiumhungaricum.hu/study-finder/",
    "lastChecked": 46071,
    "confidence": "Low"
  },
  {
    "id": "moholy-nagy-university-of-art-and-design",
    "name": "Moholy Nagy University of Art and Design",
    "country": "hungary",
    "countryDisplay": "Hungary",
    "city": "Budapest",
    "studyLevels": "",
    "type": "",
    "popularity": "",
    "whySelected": "",
    "costBand": "",
    "visaRiskNotes": "Design portfolio required; visa credibility depends on clear academic progression and finances.",
    "operationalConfidence": "Use_with_Caution",
    "sourceUrl": "https://stipendiumhungaricum.hu/study-finder/",
    "lastChecked": 46071,
    "confidence": "Medium"
  },
  {
    "id": "buda-university",
    "name": "Óbuda University",
    "country": "hungary",
    "countryDisplay": "Hungary",
    "city": "Budapest",
    "studyLevels": "",
    "type": "",
    "popularity": "",
    "whySelected": "",
    "costBand": "",
    "visaRiskNotes": "Standard scrutiny; clear funding and program fit needed.",
    "operationalConfidence": "Safe",
    "sourceUrl": "https://stipendiumhungaricum.hu/study-finder/",
    "lastChecked": 46071,
    "confidence": "Medium"
  },
  {
    "id": "pzmny-pter-catholic-university",
    "name": "Pázmány Péter Catholic University",
    "country": "hungary",
    "countryDisplay": "Hungary",
    "city": "Budapest",
    "studyLevels": "",
    "type": "",
    "popularity": "",
    "whySelected": "",
    "costBand": "",
    "visaRiskNotes": "Church maintained profile; ensure English track is confirmed and academic rationale is strong.",
    "operationalConfidence": "Use_with_Caution",
    "sourceUrl": "https://stipendiumhungaricum.hu/study-finder/",
    "lastChecked": 46071,
    "confidence": "Low"
  },
  {
    "id": "semmelweis-university",
    "name": "Semmelweis University",
    "country": "hungary",
    "countryDisplay": "Hungary",
    "city": "Budapest",
    "studyLevels": "",
    "type": "",
    "popularity": "",
    "whySelected": "",
    "costBand": "",
    "visaRiskNotes": "Strong academics and clear professional pathway help; still requires robust finances and documentation.",
    "operationalConfidence": "Safe",
    "sourceUrl": "https://stipendiumhungaricum.hu/study-finder/",
    "lastChecked": 46071,
    "confidence": "Medium"
  },
  {
    "id": "szchenyi-istvn-university",
    "name": "Széchenyi István University",
    "country": "hungary",
    "countryDisplay": "Hungary",
    "city": "Győr",
    "studyLevels": "",
    "type": "",
    "popularity": "",
    "whySelected": "",
    "costBand": "",
    "visaRiskNotes": "Standard scrutiny; ensure program is clearly English taught.",
    "operationalConfidence": "Safe",
    "sourceUrl": "https://stipendiumhungaricum.hu/study-finder/",
    "lastChecked": 46071,
    "confidence": "Medium"
  },
  {
    "id": "university-of-debrecen",
    "name": "University of Debrecen",
    "country": "hungary",
    "countryDisplay": "Hungary",
    "city": "Debrecen",
    "studyLevels": "",
    "type": "",
    "popularity": "",
    "whySelected": "",
    "costBand": "",
    "visaRiskNotes": "Strong international intake; documentation and finances still decisive.",
    "operationalConfidence": "Safe",
    "sourceUrl": "https://stipendiumhungaricum.hu/study-finder/",
    "lastChecked": 46071,
    "confidence": "Medium"
  },
  {
    "id": "university-of-dunajvros",
    "name": "University of Dunaújváros",
    "country": "hungary",
    "countryDisplay": "Hungary",
    "city": "Dunaújváros",
    "studyLevels": "",
    "type": "",
    "popularity": "",
    "whySelected": "",
    "costBand": "",
    "visaRiskNotes": "Smaller applied institution; visa scrutiny can rise if academic fit and progression are weak.",
    "operationalConfidence": "Use_with_Caution",
    "sourceUrl": "https://stipendiumhungaricum.hu/study-finder/",
    "lastChecked": 46071,
    "confidence": "Low"
  },
  {
    "id": "university-of-miskolc",
    "name": "University of Miskolc",
    "country": "hungary",
    "countryDisplay": "Hungary",
    "city": "Miskolc",
    "studyLevels": "",
    "type": "",
    "popularity": "",
    "whySelected": "",
    "costBand": "",
    "visaRiskNotes": "Standard scrutiny; show clear academic rationale and funding.",
    "operationalConfidence": "Safe",
    "sourceUrl": "https://stipendiumhungaricum.hu/study-finder/",
    "lastChecked": 46071,
    "confidence": "Medium"
  },
  {
    "id": "university-of-nyregyhza",
    "name": "University of Nyíregyháza",
    "country": "hungary",
    "countryDisplay": "Hungary",
    "city": "Nyíregyháza",
    "studyLevels": "",
    "type": "",
    "popularity": "",
    "whySelected": "",
    "costBand": "",
    "visaRiskNotes": "Smaller city institution; ensure English track validity and credible progression.",
    "operationalConfidence": "Use_with_Caution",
    "sourceUrl": "https://stipendiumhungaricum.hu/study-finder/",
    "lastChecked": 46071,
    "confidence": "Low"
  },
  {
    "id": "university-of-pannonia",
    "name": "University of Pannonia",
    "country": "hungary",
    "countryDisplay": "Hungary",
    "city": "Veszprém",
    "studyLevels": "",
    "type": "",
    "popularity": "",
    "whySelected": "",
    "costBand": "",
    "visaRiskNotes": "Standard scrutiny; align academics and funding.",
    "operationalConfidence": "Safe",
    "sourceUrl": "https://stipendiumhungaricum.hu/study-finder/",
    "lastChecked": 46071,
    "confidence": "Medium"
  },
  {
    "id": "university-of-pcs",
    "name": "University of Pécs",
    "country": "hungary",
    "countryDisplay": "Hungary",
    "city": "Pécs",
    "studyLevels": "",
    "type": "",
    "popularity": "",
    "whySelected": "",
    "costBand": "",
    "visaRiskNotes": "Strong international intake; still requires solid finances and documentation.",
    "operationalConfidence": "Safe",
    "sourceUrl": "https://stipendiumhungaricum.hu/study-finder/",
    "lastChecked": 46071,
    "confidence": "Medium"
  },
  {
    "id": "university-of-sopron",
    "name": "University of Sopron",
    "country": "hungary",
    "countryDisplay": "Hungary",
    "city": "Sopron",
    "studyLevels": "",
    "type": "",
    "popularity": "",
    "whySelected": "",
    "costBand": "",
    "visaRiskNotes": "Standard scrutiny; smaller city requires clear academic and career rationale.",
    "operationalConfidence": "Safe",
    "sourceUrl": "https://stipendiumhungaricum.hu/study-finder/",
    "lastChecked": 46071,
    "confidence": "Medium"
  },
  {
    "id": "university-of-szeged",
    "name": "University of Szeged",
    "country": "hungary",
    "countryDisplay": "Hungary",
    "city": "Szeged",
    "studyLevels": "",
    "type": "",
    "popularity": "",
    "whySelected": "",
    "costBand": "",
    "visaRiskNotes": "Well established international admissions; standard scrutiny applies.",
    "operationalConfidence": "Safe",
    "sourceUrl": "https://stipendiumhungaricum.hu/study-finder/",
    "lastChecked": 46071,
    "confidence": "Medium"
  },
  {
    "id": "university-of-veterinary-medicine-budapest",
    "name": "University of Veterinary Medicine Budapest",
    "country": "hungary",
    "countryDisplay": "Hungary",
    "city": "Budapest",
    "studyLevels": "",
    "type": "",
    "popularity": "",
    "whySelected": "",
    "costBand": "",
    "visaRiskNotes": "High tuition specialist program; visa credibility depends on strong academics and funding.",
    "operationalConfidence": "Safe",
    "sourceUrl": "https://stipendiumhungaricum.hu/study-finder/",
    "lastChecked": 46071,
    "confidence": "Medium"
  }
]