[
  {
    "id": "trinity-college-dublin",
    "name": "Trinity College Dublin",
    "country": "ireland",
    "countryDisplay": "Ireland",
    "city": "Dublin",
    "studyLevels": "",
    "type": "",
    "popularity": "",
    "whySelected": "",
    "costBand": "",
    "visaRiskNotes": "Strong institution profile typically reduces credibility concerns, but applicants still must meet financial evidence and academic progression rules.",
    "operationalConfidence": "Safe",
    "sourceUrl": "https://www.tcd.ie",
    "lastChecked": 46071,
    "confidence": "Medium"
  },
  {
    "id": "university-college-dublin",
    "name": "University College Dublin",
    "country": "ireland",
    "countryDisplay": "Ireland",
    "city": "Dublin",
    "studyLevels": "",
    "type": "",
    "popularity": "",
    "whySelected": "",
    "costBand": "",
    "visaRiskNotes": "Generally low risk when documentation is consistent, however applications can be scrutinised for funds, academic fit, and progression.",
    "operationalConfidence": "Safe",
    "sourceUrl": "https://www.ucd.ie",
    "lastChecked": 46071,
    "confidence": "Medium"
  },
  {
    "id": "university-college-cork",
    "name": "University College Cork",
    "country": "ireland",
    "countryDisplay": "Ireland",
    "city": "Cork",
    "studyLevels": "",
    "type": "",
    "popularity": "",
    "whySelected": "",
    "costBand": "",
    "visaRiskNotes": "Low institutional risk, but visa decisions still depend on funds, academic logic, and compliance with student permission rules.",
    "operationalConfidence": "Safe",
    "sourceUrl": "https://www.ucc.ie",
    "lastChecked": 46071,
    "confidence": "Medium"
  },
  {
    "id": "university-of-galway",
    "name": "University of Galway",
    "country": "ireland",
    "countryDisplay": "Ireland",
    "city": "Galway",
    "studyLevels": "",
    "type": "",
    "popularity": "",
    "whySelected": "",
    "costBand": "",
    "visaRiskNotes": "Low risk in general, however applicants should ensure course choice aligns with prior study and financial documents are complete.",
    "operationalConfidence": "Safe",
    "sourceUrl": "https://www.universityofgalway.ie",
    "lastChecked": 46071,
    "confidence": "Medium"
  },
  {
    "id": "dublin-city-university",
    "name": "Dublin City University",
    "country": "ireland",
    "countryDisplay": "Ireland",
    "city": "Dublin",
    "studyLevels": "",
    "type": "",
    "popularity": "",
    "whySelected": "",
    "costBand": "",
    "visaRiskNotes": "Public university profile is typically favourable, but some part time routes can have visa constraints, so students should choose full time eligible programmes.",
    "operationalConfidence": "Safe",
    "sourceUrl": "https://www.dcu.ie",
    "lastChecked": 46071,
    "confidence": "Medium"
  },
  {
    "id": "university-of-limerick",
    "name": "University of Limerick",
    "country": "ireland",
    "countryDisplay": "Ireland",
    "city": "Limerick",
    "studyLevels": "",
    "type": "",
    "popularity": "",
    "whySelected": "",
    "costBand": "",
    "visaRiskNotes": "Visa assessment still depends on academic rationale and finances, even for strong public institutions.",
    "operationalConfidence": "Safe",
    "sourceUrl": "https://www.ul.ie",
    "lastChecked": 46071,
    "confidence": "Medium"
  },
  {
    "id": "maynooth-university",
    "name": "Maynooth University",
    "country": "ireland",
    "countryDisplay": "Ireland",
    "city": "Maynooth",
    "studyLevels": "",
    "type": "",
    "popularity": "",
    "whySelected": "",
    "costBand": "",
    "visaRiskNotes": "Generally low risk, however students should document commute and accommodation plans if living outside Dublin.",
    "operationalConfidence": "Safe",
    "sourceUrl": "https://www.maynoothuniversity.ie",
    "lastChecked": 46071,
    "confidence": "Medium"
  },
  {
    "id": "technological-university-dublin",
    "name": "Technological University Dublin",
    "country": "ireland",
    "countryDisplay": "Ireland",
    "city": "Dublin",
    "studyLevels": "",
    "type": "",
    "popularity": "",
    "whySelected": "",
    "costBand": "",
    "visaRiskNotes": "Public TU profile is generally acceptable, but applicants should show strong academic progression and clear course outcomes.",
    "operationalConfidence": "Safe",
    "sourceUrl": "https://www.tudublin.ie",
    "lastChecked": 46071,
    "confidence": "Medium"
  },
  {
    "id": "munster-technological-university",
    "name": "Munster Technological University",
    "country": "ireland",
    "countryDisplay": "Ireland",
    "city": "Cork",
    "studyLevels": "",
    "type": "",
    "popularity": "",
    "whySelected": "",
    "costBand": "",
    "visaRiskNotes": "Typically defensible for visa if full time and properly documented, but outcomes are still assessed case by case.",
    "operationalConfidence": "Safe",
    "sourceUrl": "https://www.mtu.ie",
    "lastChecked": 46071,
    "confidence": "Medium"
  },
  {
    "id": "technological-university-of-the-shannon",
    "name": "Technological University of the Shannon",
    "country": "ireland",
    "countryDisplay": "Ireland",
    "city": "Limerick",
    "studyLevels": "",
    "type": "",
    "popularity": "",
    "whySelected": "",
    "costBand": "",
    "visaRiskNotes": "Newer TU brand can prompt additional scrutiny on study plan quality, so documentation should be tight.",
    "operationalConfidence": "Safe",
    "sourceUrl": "https://tus.ie",
    "lastChecked": 46071,
    "confidence": "Medium"
  },
  {
    "id": "atlantic-technological-university",
    "name": "Atlantic Technological University",
    "country": "ireland",
    "countryDisplay": "Ireland",
    "city": "Galway",
    "studyLevels": "",
    "type": "",
    "popularity": "",
    "whySelected": "",
    "costBand": "",
    "visaRiskNotes": "Regional multi campus study plans should clearly specify campus and programme, because ambiguity can hurt visa credibility.",
    "operationalConfidence": "Safe",
    "sourceUrl": "https://www.atu.ie",
    "lastChecked": 46071,
    "confidence": "Medium"
  },
  {
    "id": "south-east-technological-university",
    "name": "South East Technological University",
    "country": "ireland",
    "countryDisplay": "Ireland",
    "city": "Waterford",
    "studyLevels": "",
    "type": "",
    "popularity": "",
    "whySelected": "",
    "costBand": "",
    "visaRiskNotes": "Regional location is not a visa negative by itself, however applicants should show realistic accommodation and cost planning.",
    "operationalConfidence": "Safe",
    "sourceUrl": "https://www.setu.ie",
    "lastChecked": 46071,
    "confidence": "Medium"
  },
  {
    "id": "royal-college-of-surgeons-in-ireland-university-of-medicine-and-health-sciences",
    "name": "Royal College of Surgeons in Ireland University of Medicine and Health Sciences",
    "country": "ireland",
    "countryDisplay": "Ireland",
    "city": "Dublin",
    "studyLevels": "",
    "type": "",
    "popularity": "",
    "whySelected": "",
    "costBand": "",
    "visaRiskNotes": "Strongly recognised institution, but health and medicine routes typically face higher documentation expectations and higher cost evidence.",
    "operationalConfidence": "Safe",
    "sourceUrl": "https://www.rcsi.com",
    "lastChecked": 46071,
    "confidence": "Medium"
  },
  {
    "id": "national-college-of-ireland",
    "name": "National College of Ireland",
    "country": "ireland",
    "countryDisplay": "Ireland",
    "city": "Dublin",
    "studyLevels": "",
    "type": "",
    "popularity": "",
    "whySelected": "",
    "costBand": "",
    "visaRiskNotes": "Private college applicants can face higher scrutiny for academic progression and finances, so course logic and funding evidence must be consistent.",
    "operationalConfidence": "Use_with_Caution",
    "sourceUrl": "https://www.ncirl.ie",
    "lastChecked": 46071,
    "confidence": "Medium"
  },
  {
    "id": "dublin-business-school",
    "name": "Dublin Business School",
    "country": "ireland",
    "countryDisplay": "Ireland",
    "city": "Dublin",
    "studyLevels": "",
    "type": "",
    "popularity": "",
    "whySelected": "",
    "costBand": "",
    "visaRiskNotes": "Private sector institutions can face closer credibility checks, so students should avoid weak study rationales and show clear academic relevance.",
    "operationalConfidence": "Use_with_Caution",
    "sourceUrl": "https://www.dbs.ie",
    "lastChecked": 46071,
    "confidence": "Medium"
  },
  {
    "id": "griffith-college",
    "name": "Griffith College",
    "country": "ireland",
    "countryDisplay": "Ireland",
    "city": "Dublin",
    "studyLevels": "",
    "type": "",
    "popularity": "",
    "whySelected": "",
    "costBand": "",
    "visaRiskNotes": "Private college route can be viable, but visa review can focus on programme quality, progression, and funds, therefore keep documentation conservative.",
    "operationalConfidence": "Use_with_Caution",
    "sourceUrl": "https://www.griffith.ie",
    "lastChecked": 46071,
    "confidence": "Medium"
  },
  {
    "id": "national-college-of-art-and-design",
    "name": "National College of Art and Design",
    "country": "ireland",
    "countryDisplay": "Ireland",
    "city": "Dublin",
    "studyLevels": "",
    "type": "",
    "popularity": "",
    "whySelected": "",
    "costBand": "",
    "visaRiskNotes": "Portfolio based routes require strong evidence of academic fit, and unclear fit can raise questions even if the institution is public.",
    "operationalConfidence": "Safe",
    "sourceUrl": "https://www.ncad.ie",
    "lastChecked": 46071,
    "confidence": "Low"
  },
  {
    "id": "institute-of-art-design-and-technology-dun-laoghaire",
    "name": "Institute of Art, Design and Technology, Dun Laoghaire",
    "country": "ireland",
    "countryDisplay": "Ireland",
    "city": "Dublin",
    "studyLevels": "",
    "type": "",
    "popularity": "",
    "whySelected": "",
    "costBand": "",
    "visaRiskNotes": "Creative programmes can be scrutinised for study logic and portfolio strength, even when visa risk is otherwise low.",
    "operationalConfidence": "Safe",
    "sourceUrl": "https://iadt.ie",
    "lastChecked": 46071,
    "confidence": "Low"
  },
  {
    "id": "mary-immaculate-college",
    "name": "Mary Immaculate College",
    "country": "ireland",
    "countryDisplay": "Ireland",
    "city": "Limerick",
    "studyLevels": "",
    "type": "",
    "popularity": "",
    "whySelected": "",
    "costBand": "",
    "visaRiskNotes": "Education and humanities pathways should clearly justify return on study and progression to avoid credibility concerns.",
    "operationalConfidence": "Safe",
    "sourceUrl": "https://www.mic.ul.ie",
    "lastChecked": 46071,
    "confidence": "Low"
  },
  {
    "id": "university-of-galway-international-summer-school",
    "name": "University of Galway International Summer School",
    "country": "ireland",
    "countryDisplay": "Ireland",
    "city": "Galway",
    "studyLevels": "",
    "type": "",
    "popularity": "",
    "whySelected": "",
    "costBand": "",
    "visaRiskNotes": "Short duration or visiting style programmes can have different permission rules, so applicants must ensure the visa category matches programme length.",
    "operationalConfidence": "Use_with_Caution",
    "sourceUrl": "https://www.universityofgalway.ie/global-galway/inboundstudyabroad/tuitionfees/",
    "lastChecked": 46071,
    "confidence": "Medium"
  },
  {
    "id": "american-college-dublin",
    "name": "American College Dublin",
    "country": "ireland",
    "countryDisplay": "Ireland",
    "city": "Dublin",
    "studyLevels": "",
    "type": "",
    "popularity": "",
    "whySelected": "",
    "costBand": "",
    "visaRiskNotes": "Smaller private institutions can face higher scrutiny, so applicants should be conservative and avoid weak academic narratives or unclear funding.",
    "operationalConfidence": "Do_Not_Recommend",
    "sourceUrl": "https://www.americancollegeireland.com",
    "lastChecked": 46071,
    "confidence": "Low"
  },
  {
    "id": "ibat-college-dublin",
    "name": "IBAT College Dublin",
    "country": "ireland",
    "countryDisplay": "Ireland",
    "city": "Dublin",
    "studyLevels": "",
    "type": "",
    "popularity": "",
    "whySelected": "",
    "costBand": "",
    "visaRiskNotes": "Lower visibility institutions can be scrutinised more for credibility, therefore financial evidence, attendance intent, and course relevance must be exceptionally clear.",
    "operationalConfidence": "Do_Not_Recommend",
    "sourceUrl": "https://www.ibat.ie",
    "lastChecked": 46071,
    "confidence": "Low"
  },
  {
    "id": "university-college-dublin-professional-academy",
    "name": "University College Dublin Professional Academy",
    "country": "ireland",
    "countryDisplay": "Ireland",
    "city": "Dublin",
    "studyLevels": "",
    "type": "",
    "popularity": "",
    "whySelected": "",
    "costBand": "",
    "visaRiskNotes": "Short professional courses may not align with standard full time student permission expectations, so applicants must ensure the correct permission route.",
    "operationalConfidence": "Do_Not_Recommend",
    "sourceUrl": "https://www.ucd.ie/professionalacademy/",
    "lastChecked": 46071,
    "confidence": "Low"
  },
  {
    "id": "city-colleges",
    "name": "City Colleges",
    "country": "ireland",
    "countryDisplay": "Ireland",
    "city": "Dublin",
    "studyLevels": "",
    "type": "",
    "popularity": "",
    "whySelected": "",
    "costBand": "",
    "visaRiskNotes": "Part time and short course providers often do not support standard student permission pathways, therefore avoid using as a visa anchor.",
    "operationalConfidence": "Do_Not_Recommend",
    "sourceUrl": "https://www.citycolleges.ie",
    "lastChecked": 46071,
    "confidence": "Low"
  },
  {
    "id": "irish-management-institute",
    "name": "Irish Management Institute",
    "country": "ireland",
    "countryDisplay": "Ireland",
    "city": "Dublin",
    "studyLevels": "",
    "type": "",
    "popularity": "",
    "whySelected": "",
    "costBand": "",
    "visaRiskNotes": "Executive and part time formats can create visa constraints, so full time eligibility should be verified for any programme used for immigration purposes.",
    "operationalConfidence": "Use_with_Caution",
    "sourceUrl": "https://www.imi.ie",
    "lastChecked": 46071,
    "confidence": "Low"
  },
  {
    "id": "ucd-michael-smurfit-graduate-business-school",
    "name": "UCD Michael Smurfit Graduate Business School",
    "country": "ireland",
    "countryDisplay": "Ireland",
    "city": "Dublin",
    "studyLevels": "",
    "type": "",
    "popularity": "",
    "whySelected": "",
    "costBand": "",
    "visaRiskNotes": "Competitive business admissions require clear academics, GMAT where needed, and strong funds, otherwise refusal risk rises even with a top institution.",
    "operationalConfidence": "Safe",
    "sourceUrl": "https://www.smurfitschool.ie",
    "lastChecked": 46071,
    "confidence": "Low"
  }
]