[
  {
    "id": "politecnico-di-milano",
    "name": "Politecnico di Milano",
    "country": "italy",
    "countryDisplay": "Italy",
    "city": "Milan",
    "studyLevels": "",
    "type": "",
    "popularity": "",
    "whySelected": "",
    "costBand": "",
    "visaRiskNotes": "Funding and accommodation evidence are scrutinised; part time work is capped at 20 hours weekly. (Migration and Home Affairs)",
    "operationalConfidence": "Safe",
    "sourceUrl": "https://www.polimi.it/en/students/tuition-fees-scholarships-and-financial-aid/tuition-fees",
    "lastChecked": 46071,
    "confidence": "High"
  },
  {
    "id": "politecnico-di-torino",
    "name": "Politecnico di Torino",
    "country": "italy",
    "countryDisplay": "Italy",
    "city": "Turin",
    "studyLevels": "",
    "type": "",
    "popularity": "",
    "whySelected": "",
    "costBand": "",
    "visaRiskNotes": "Scrutiny on financial means and study plan consistency; part time work hours are capped. (Migration and Home Affairs)",
    "operationalConfidence": "Use_with_Caution",
    "sourceUrl": "https://www.polito.it/en/education/services-and-life-at-politecnico/right-to-education-and-tuition-fees",
    "lastChecked": 46071,
    "confidence": "Medium"
  },
  {
    "id": "university-of-bologna",
    "name": "University of Bologna",
    "country": "italy",
    "countryDisplay": "Italy",
    "city": "Bologna",
    "studyLevels": "",
    "type": "",
    "popularity": "",
    "whySelected": "",
    "costBand": "",
    "visaRiskNotes": "Income based fees and documentation expectations can be strict for non EU applicants; show clear funds and accommodation. (unibo.it)",
    "operationalConfidence": "Safe",
    "sourceUrl": "https://www.unibo.it/en/study/enrolment-fees-and-other-procedures/degree-programmes/tuition-fees-and-exemptions",
    "lastChecked": 46071,
    "confidence": "High"
  },
  {
    "id": "sapienza-university-of-rome",
    "name": "Sapienza University of Rome",
    "country": "italy",
    "countryDisplay": "Italy",
    "city": "Rome",
    "studyLevels": "",
    "type": "",
    "popularity": "",
    "whySelected": "",
    "costBand": "",
    "visaRiskNotes": "Rome is expensive so the finances narrative matters; part time work is capped at 20 hours weekly. (Migration and Home Affairs)",
    "operationalConfidence": "Safe",
    "sourceUrl": "https://www.uniroma1.it/en/pagina/tuition-fees-and-benefits",
    "lastChecked": 46071,
    "confidence": "Medium"
  },
  {
    "id": "university-of-padua",
    "name": "University of Padua",
    "country": "italy",
    "countryDisplay": "Italy",
    "city": "Padua",
    "studyLevels": "",
    "type": "",
    "popularity": "",
    "whySelected": "",
    "costBand": "",
    "visaRiskNotes": "Non EU fee brackets apply and documentation must match; part time work cap applies. (Università degli studi di Padova)",
    "operationalConfidence": "Safe",
    "sourceUrl": "https://www.unipd.it/en/tuition-fees",
    "lastChecked": 46071,
    "confidence": "High"
  },
  {
    "id": "university-of-milan",
    "name": "University of Milan",
    "country": "italy",
    "countryDisplay": "Italy",
    "city": "Milan",
    "studyLevels": "",
    "type": "",
    "popularity": "",
    "whySelected": "",
    "costBand": "",
    "visaRiskNotes": "Milan costs are high so financial documentation is often examined closely; work cap applies. (unimi.it)",
    "operationalConfidence": "Safe",
    "sourceUrl": "https://www.unimi.it/en/study/bachelor-and-master-study/fees-and-how-pay-them/fees-2024/2025",
    "lastChecked": 46071,
    "confidence": "High"
  },
  {
    "id": "university-of-milan-bicocca",
    "name": "University of Milan-Bicocca",
    "country": "italy",
    "countryDisplay": "Italy",
    "city": "Milan",
    "studyLevels": "",
    "type": "",
    "popularity": "",
    "whySelected": "",
    "costBand": "",
    "visaRiskNotes": "International fee rules vary by country grouping and area; keep funding proof conservative. (apply.unimib.it)",
    "operationalConfidence": "Safe",
    "sourceUrl": "https://apply.unimib.it/it_IT/contents/content/10-fees-and-fundings",
    "lastChecked": 46071,
    "confidence": "Medium"
  },
  {
    "id": "university-of-turin",
    "name": "University of Turin",
    "country": "italy",
    "countryDisplay": "Italy",
    "city": "Turin",
    "studyLevels": "",
    "type": "",
    "popularity": "",
    "whySelected": "",
    "costBand": "",
    "visaRiskNotes": "Fees can depend on country GDP grouping and documentation; work cap applies. (Unito)",
    "operationalConfidence": "Safe",
    "sourceUrl": "https://en.unito.it/studying-unito/tuition-fees/tuition-fees-international-students",
    "lastChecked": 46071,
    "confidence": "Medium"
  },
  {
    "id": "university-of-pisa",
    "name": "University of Pisa",
    "country": "italy",
    "countryDisplay": "Italy",
    "city": "Pisa",
    "studyLevels": "",
    "type": "",
    "popularity": "",
    "whySelected": "",
    "costBand": "",
    "visaRiskNotes": "Fees are income based and reductions may require specific documentation; keep proof of means conservative. (Nome del tuo sito)",
    "operationalConfidence": "Safe",
    "sourceUrl": "https://www.unipi.it/en/education/registration/fees/tuition-fees-for-degree-courses/",
    "lastChecked": 46071,
    "confidence": "Medium"
  },
  {
    "id": "university-of-trento",
    "name": "University of Trento",
    "country": "italy",
    "countryDisplay": "Italy",
    "city": "Trento",
    "studyLevels": "",
    "type": "",
    "popularity": "",
    "whySelected": "",
    "costBand": "",
    "visaRiskNotes": "Merit based fee system for non EU can apply; ensure transcripts and score requirements are clear. (unitn.it)",
    "operationalConfidence": "Safe",
    "sourceUrl": "https://www.unitn.it/en/study/fees-scholarships-accommodation/tuition-fees/non-eu-citizens",
    "lastChecked": 46071,
    "confidence": "Medium"
  },
  {
    "id": "university-of-pavia",
    "name": "University of Pavia",
    "country": "italy",
    "countryDisplay": "Italy",
    "city": "Pavia",
    "studyLevels": "",
    "type": "",
    "popularity": "",
    "whySelected": "",
    "costBand": "",
    "visaRiskNotes": "Flat rate for non EU is bracketed; avoid mismatched financial documents. (en.unipv.it)",
    "operationalConfidence": "Safe",
    "sourceUrl": "https://en.unipv.it/en/education/bachelors-and-masters-degree-programs/fees-and-funding/fees/prospective-students/non-eu-students",
    "lastChecked": 46071,
    "confidence": "High"
  },
  {
    "id": "ca-foscari-university-of-venice",
    "name": "Ca' Foscari University of Venice",
    "country": "italy",
    "countryDisplay": "Italy",
    "city": "Venice",
    "studyLevels": "",
    "type": "",
    "popularity": "",
    "whySelected": "",
    "costBand": "",
    "visaRiskNotes": "Venice is high cost and housing proof matters; tuition caps vary by program. (Università Ca' Foscari Venezia)",
    "operationalConfidence": "Safe",
    "sourceUrl": "https://www.unive.it/fees",
    "lastChecked": 46071,
    "confidence": "High"
  },
  {
    "id": "university-of-verona",
    "name": "University of Verona",
    "country": "italy",
    "countryDisplay": "Italy",
    "city": "Verona",
    "studyLevels": "",
    "type": "",
    "popularity": "",
    "whySelected": "",
    "costBand": "",
    "visaRiskNotes": "Flat fee pathways may apply for non EU without ISEE equivalent; keep documentation clean. (univr.it)",
    "operationalConfidence": "Use_with_Caution",
    "sourceUrl": "https://www.univr.it/en/our-services/international-degree-seeking-students",
    "lastChecked": 46071,
    "confidence": "Medium"
  },
  {
    "id": "bocconi-university",
    "name": "Bocconi University",
    "country": "italy",
    "countryDisplay": "Italy",
    "city": "Milan",
    "studyLevels": "",
    "type": "",
    "popularity": "",
    "whySelected": "",
    "costBand": "",
    "visaRiskNotes": "High tuition requires strong funds proof and clean academic narrative. (bit.unibocconi.it)",
    "operationalConfidence": "Safe",
    "sourceUrl": "https://www.unibocconi.it/en/applying-bocconi/bachelor-and-law-programs/fees",
    "lastChecked": 46071,
    "confidence": "High"
  },
  {
    "id": "luiss-university",
    "name": "LUISS University",
    "country": "italy",
    "countryDisplay": "Italy",
    "city": "Rome",
    "studyLevels": "",
    "type": "",
    "popularity": "",
    "whySelected": "",
    "costBand": "",
    "visaRiskNotes": "Private tuition and Rome living costs require conservative funding proof; work cap applies. (Migration and Home Affairs)",
    "operationalConfidence": "Safe",
    "sourceUrl": "https://www.luiss.edu/fees",
    "lastChecked": 46071,
    "confidence": "Medium"
  },
  {
    "id": "universit-cattolica-del-sacro-cuore",
    "name": "Università Cattolica del Sacro Cuore",
    "country": "italy",
    "countryDisplay": "Italy",
    "city": "Milan",
    "studyLevels": "",
    "type": "",
    "popularity": "",
    "whySelected": "",
    "costBand": "",
    "visaRiskNotes": "Fee depends on income documentation, and maximum applies if docs are missing; keep paperwork consistent. (Cattolica International)",
    "operationalConfidence": "Safe",
    "sourceUrl": "https://international.unicatt.it/ucscinternational-admission-and-tuition-tuition-fees-and-scholarships",
    "lastChecked": 46071,
    "confidence": "High"
  },
  {
    "id": "humanitas-university",
    "name": "Humanitas University",
    "country": "italy",
    "countryDisplay": "Italy",
    "city": "Milan",
    "studyLevels": "",
    "type": "",
    "popularity": "",
    "whySelected": "",
    "costBand": "",
    "visaRiskNotes": "Medical and health programs are selective and expensive; visa assessment often focuses on funds and study intent coherence. (Hunimed)",
    "operationalConfidence": "Safe",
    "sourceUrl": "https://www.hunimed.eu/fees-scholarships-med-schools/",
    "lastChecked": 46071,
    "confidence": "Medium"
  },
  {
    "id": "vita-salute-san-raffaele-university",
    "name": "Vita-Salute San Raffaele University",
    "country": "italy",
    "countryDisplay": "Italy",
    "city": "Milan",
    "studyLevels": "",
    "type": "",
    "popularity": "",
    "whySelected": "",
    "costBand": "",
    "visaRiskNotes": "High tuition for medicine tracks and limited seats; funding proof must be strong and consistent. (unisr.it)",
    "operationalConfidence": "Safe",
    "sourceUrl": "https://www.unisr.it/en/offerta-formativa/medicina-chirurgia/tuition-fees",
    "lastChecked": 46071,
    "confidence": "High"
  },
  {
    "id": "university-of-rome-tor-vergata",
    "name": "University of Rome Tor Vergata",
    "country": "italy",
    "countryDisplay": "Italy",
    "city": "Rome",
    "studyLevels": "",
    "type": "",
    "popularity": "",
    "whySelected": "",
    "costBand": "",
    "visaRiskNotes": "Fees vary by contribution class and documentation; keep financial means conservative. (web.uniroma2.it)",
    "operationalConfidence": "Use_with_Caution",
    "sourceUrl": "https://web.uniroma2.it/en/percorso/students/sezione/tuition_fees",
    "lastChecked": 46071,
    "confidence": "Medium"
  },
  {
    "id": "university-of-naples-federico-ii",
    "name": "University of Naples Federico II",
    "country": "italy",
    "countryDisplay": "Italy",
    "city": "Naples",
    "studyLevels": "",
    "type": "",
    "popularity": "",
    "whySelected": "",
    "costBand": "",
    "visaRiskNotes": "Naples cost is lower but visa scrutiny still focuses on funds and accommodation documentation.",
    "operationalConfidence": "Use_with_Caution",
    "sourceUrl": "https://www.unina.it/unina-international/education/admission-regulation/foreign-students-admission-regulation",
    "lastChecked": 46071,
    "confidence": "Low"
  },
  {
    "id": "university-of-genoa",
    "name": "University of Genoa",
    "country": "italy",
    "countryDisplay": "Italy",
    "city": "Genoa",
    "studyLevels": "",
    "type": "",
    "popularity": "",
    "whySelected": "",
    "costBand": "",
    "visaRiskNotes": "Fees and reductions can be documentation dependent; keep bank and accommodation evidence conservative.",
    "operationalConfidence": "Use_with_Caution",
    "sourceUrl": "https://unige.it/en/students/fees",
    "lastChecked": 46071,
    "confidence": "Low"
  },
  {
    "id": "university-of-florence",
    "name": "University of Florence",
    "country": "italy",
    "countryDisplay": "Italy",
    "city": "Florence",
    "studyLevels": "",
    "type": "",
    "popularity": "",
    "whySelected": "",
    "costBand": "",
    "visaRiskNotes": "Florence is relatively expensive so finances narrative matters; documentation must align with declared funds.",
    "operationalConfidence": "Use_with_Caution",
    "sourceUrl": "https://www.unifi.it/changelang-eng.html",
    "lastChecked": 46071,
    "confidence": "Low"
  },
  {
    "id": "university-of-siena",
    "name": "University of Siena",
    "country": "italy",
    "countryDisplay": "Italy",
    "city": "Siena",
    "studyLevels": "",
    "type": "",
    "popularity": "",
    "whySelected": "",
    "costBand": "",
    "visaRiskNotes": "Smaller city helps costs, but visa scrutiny is still tied to funds and study plan consistency.",
    "operationalConfidence": "Use_with_Caution",
    "sourceUrl": "https://en.unisi.it",
    "lastChecked": 46071,
    "confidence": "Low"
  },
  {
    "id": "university-of-parma",
    "name": "University of Parma",
    "country": "italy",
    "countryDisplay": "Italy",
    "city": "Parma",
    "studyLevels": "",
    "type": "",
    "popularity": "",
    "whySelected": "",
    "costBand": "",
    "visaRiskNotes": "Documentation driven fee reductions and visa scrutiny on funds apply.",
    "operationalConfidence": "Use_with_Caution",
    "sourceUrl": "https://www.unipr.it/en",
    "lastChecked": 46071,
    "confidence": "Low"
  },
  {
    "id": "university-of-trieste",
    "name": "University of Trieste",
    "country": "italy",
    "countryDisplay": "Italy",
    "city": "Trieste",
    "studyLevels": "",
    "type": "",
    "popularity": "",
    "whySelected": "",
    "costBand": "",
    "visaRiskNotes": "Border city with manageable costs; visa scrutiny still focuses on funds and accommodation.",
    "operationalConfidence": "Use_with_Caution",
    "sourceUrl": "https://portale.units.it/en",
    "lastChecked": 46071,
    "confidence": "Low"
  },
  {
    "id": "university-of-bari-aldo-moro",
    "name": "University of Bari Aldo Moro",
    "country": "italy",
    "countryDisplay": "Italy",
    "city": "Bari",
    "studyLevels": "",
    "type": "",
    "popularity": "",
    "whySelected": "",
    "costBand": "",
    "visaRiskNotes": "Lower cost region helps finances, but visa scrutiny still expects clear funding trail.",
    "operationalConfidence": "Use_with_Caution",
    "sourceUrl": "https://www.uniba.it/en",
    "lastChecked": 46071,
    "confidence": "Low"
  },
  {
    "id": "iulm-university",
    "name": "IULM University",
    "country": "italy",
    "countryDisplay": "Italy",
    "city": "Milan",
    "studyLevels": "",
    "type": "",
    "popularity": "",
    "whySelected": "",
    "costBand": "",
    "visaRiskNotes": "Private tuition plus Milan costs require conservative proof of means and accommodation. (Migration and Home Affairs)",
    "operationalConfidence": "Use_with_Caution",
    "sourceUrl": "https://www.iulm.it/en",
    "lastChecked": 46071,
    "confidence": "Low"
  }
]