[
  {
    "id": "university-of-amsterdam",
    "name": "University of Amsterdam",
    "country": "netherlands",
    "countryDisplay": "Netherlands",
    "city": "Amsterdam",
    "studyLevels": "",
    "type": "",
    "popularity": "",
    "whySelected": "",
    "costBand": "",
    "visaRiskNotes": "Recognised public university, visa assessment depends on financial proof and academic consistency.",
    "operationalConfidence": "Safe",
    "sourceUrl": "https://www.uva.nl/en/education/fees-and-funding/tuition-fees/tuition-fees.html",
    "lastChecked": 46071,
    "confidence": "High"
  },
  {
    "id": "delft-university-of-technology",
    "name": "Delft University of Technology",
    "country": "netherlands",
    "countryDisplay": "Netherlands",
    "city": "Delft",
    "studyLevels": "",
    "type": "",
    "popularity": "",
    "whySelected": "",
    "costBand": "",
    "visaRiskNotes": "Competitive STEM admissions, financial and academic documentation must be strong.",
    "operationalConfidence": "Safe",
    "sourceUrl": "https://www.tudelft.nl/en/education/study-programme-orientation/practical-matters/tuition-fee-finances",
    "lastChecked": 46071,
    "confidence": "High"
  },
  {
    "id": "eindhoven-university-of-technology",
    "name": "Eindhoven University of Technology",
    "country": "netherlands",
    "countryDisplay": "Netherlands",
    "city": "Eindhoven",
    "studyLevels": "",
    "type": "",
    "popularity": "",
    "whySelected": "",
    "costBand": "",
    "visaRiskNotes": "Postgraduate focused institution, visa depends on academic match and funding clarity.",
    "operationalConfidence": "Safe",
    "sourceUrl": "https://www.tue.nl/en/education/become-a-tue-student/tuition-fees-and-financing",
    "lastChecked": 46071,
    "confidence": "Medium"
  },
  {
    "id": "university-of-twente",
    "name": "University of Twente",
    "country": "netherlands",
    "countryDisplay": "Netherlands",
    "city": "Enschede",
    "studyLevels": "",
    "type": "",
    "popularity": "",
    "whySelected": "",
    "costBand": "",
    "visaRiskNotes": "Standard recognised pathway, financial documentation remains critical.",
    "operationalConfidence": "Safe",
    "sourceUrl": "https://www.utwente.nl/en/education/tuition-fee/",
    "lastChecked": 46071,
    "confidence": "Medium"
  },
  {
    "id": "utrecht-university",
    "name": "Utrecht University",
    "country": "netherlands",
    "countryDisplay": "Netherlands",
    "city": "Utrecht",
    "studyLevels": "",
    "type": "",
    "popularity": "",
    "whySelected": "",
    "costBand": "",
    "visaRiskNotes": "Competitive entry, visa requires consistent study rationale.",
    "operationalConfidence": "Safe",
    "sourceUrl": "https://www.uu.nl/en/education/tuition-fees",
    "lastChecked": 46071,
    "confidence": "Medium"
  },
  {
    "id": "leiden-university",
    "name": "Leiden University",
    "country": "netherlands",
    "countryDisplay": "Netherlands",
    "city": "Leiden",
    "studyLevels": "",
    "type": "",
    "popularity": "",
    "whySelected": "",
    "costBand": "",
    "visaRiskNotes": "Programme alignment and proof of funds essential for visa.",
    "operationalConfidence": "Safe",
    "sourceUrl": "https://www.universiteitleiden.nl/en/education/tuition-fees",
    "lastChecked": 46071,
    "confidence": "Medium"
  },
  {
    "id": "erasmus-university-rotterdam",
    "name": "Erasmus University Rotterdam",
    "country": "netherlands",
    "countryDisplay": "Netherlands",
    "city": "Rotterdam",
    "studyLevels": "",
    "type": "",
    "popularity": "",
    "whySelected": "",
    "costBand": "",
    "visaRiskNotes": "Business degrees require credible academic progression and funding evidence.",
    "operationalConfidence": "Safe",
    "sourceUrl": "https://www.eur.nl/en/education/practical-matters/tuition-fee",
    "lastChecked": 46071,
    "confidence": "Medium"
  },
  {
    "id": "university-of-groningen",
    "name": "University of Groningen",
    "country": "netherlands",
    "countryDisplay": "Netherlands",
    "city": "Groningen",
    "studyLevels": "",
    "type": "",
    "popularity": "",
    "whySelected": "",
    "costBand": "",
    "visaRiskNotes": "Visa route is stable, documentation accuracy remains key.",
    "operationalConfidence": "Safe",
    "sourceUrl": "https://www.rug.nl/education/tuition-fees/",
    "lastChecked": 46071,
    "confidence": "Medium"
  },
  {
    "id": "maastricht-university",
    "name": "Maastricht University",
    "country": "netherlands",
    "countryDisplay": "Netherlands",
    "city": "Maastricht",
    "studyLevels": "",
    "type": "",
    "popularity": "",
    "whySelected": "",
    "costBand": "",
    "visaRiskNotes": "Problem based model requires strong academic preparation and financial proof.",
    "operationalConfidence": "Safe",
    "sourceUrl": "https://www.maastrichtuniversity.nl/education/tuition-fees",
    "lastChecked": 46071,
    "confidence": "Medium"
  },
  {
    "id": "radboud-university",
    "name": "Radboud University",
    "country": "netherlands",
    "countryDisplay": "Netherlands",
    "city": "Nijmegen",
    "studyLevels": "",
    "type": "",
    "popularity": "",
    "whySelected": "",
    "costBand": "",
    "visaRiskNotes": "Standard recognised institution, visa depends on funding adequacy.",
    "operationalConfidence": "Safe",
    "sourceUrl": "https://www.ru.nl/en/education/tuition-fees",
    "lastChecked": 46071,
    "confidence": "Medium"
  },
  {
    "id": "vrije-universiteit-amsterdam",
    "name": "Vrije Universiteit Amsterdam",
    "country": "netherlands",
    "countryDisplay": "Netherlands",
    "city": "Amsterdam",
    "studyLevels": "",
    "type": "",
    "popularity": "",
    "whySelected": "",
    "costBand": "",
    "visaRiskNotes": "Higher living costs in Amsterdam require stronger financial documentation.",
    "operationalConfidence": "Safe",
    "sourceUrl": "https://vu.nl/en/education/more-about/tuition-fees",
    "lastChecked": 46071,
    "confidence": "Medium"
  },
  {
    "id": "tilburg-university",
    "name": "Tilburg University",
    "country": "netherlands",
    "countryDisplay": "Netherlands",
    "city": "Tilburg",
    "studyLevels": "",
    "type": "",
    "popularity": "",
    "whySelected": "",
    "costBand": "",
    "visaRiskNotes": "Academic and financial consistency required for visa approval.",
    "operationalConfidence": "Safe",
    "sourceUrl": "https://www.tilburguniversity.edu/education/tuition-fees",
    "lastChecked": 46071,
    "confidence": "Medium"
  },
  {
    "id": "wageningen-university-and-research",
    "name": "Wageningen University and Research",
    "country": "netherlands",
    "countryDisplay": "Netherlands",
    "city": "Wageningen",
    "studyLevels": "",
    "type": "",
    "popularity": "",
    "whySelected": "",
    "costBand": "",
    "visaRiskNotes": "Competitive postgraduate entry, visa depends on funds and academic match.",
    "operationalConfidence": "Safe",
    "sourceUrl": "https://www.wur.nl/en/education-programmes/future-students/tuition-fees.htm",
    "lastChecked": 46071,
    "confidence": "Medium"
  },
  {
    "id": "the-hague-university-of-applied-sciences",
    "name": "The Hague University of Applied Sciences",
    "country": "netherlands",
    "countryDisplay": "Netherlands",
    "city": "The Hague",
    "studyLevels": "",
    "type": "",
    "popularity": "",
    "whySelected": "",
    "costBand": "",
    "visaRiskNotes": "Applied sciences pathway recognised, funding proof required.",
    "operationalConfidence": "Safe",
    "sourceUrl": "https://www.th",
    "lastChecked": "",
    "confidence": ""
  },
  {
    "id": "ug",
    "name": "UG",
    "country": "netherlands",
    "countryDisplay": "Netherlands",
    "city": "Radboud University",
    "studyLevels": "",
    "type": "",
    "popularity": "",
    "whySelected": "",
    "costBand": "",
    "visaRiskNotes": "Safe",
    "operationalConfidence": "Medium",
    "sourceUrl": "",
    "lastChecked": "",
    "confidence": ""
  },
  {
    "id": "ug",
    "name": "UG",
    "country": "netherlands",
    "countryDisplay": "Netherlands",
    "city": "Radboud University",
    "studyLevels": "",
    "type": "",
    "popularity": "",
    "whySelected": "",
    "costBand": "",
    "visaRiskNotes": "Safe",
    "operationalConfidence": "Medium",
    "sourceUrl": "",
    "lastChecked": "",
    "confidence": ""
  },
  {
    "id": "ug",
    "name": "UG",
    "country": "netherlands",
    "countryDisplay": "Netherlands",
    "city": "Radboud University",
    "studyLevels": "",
    "type": "",
    "popularity": "",
    "whySelected": "",
    "costBand": "",
    "visaRiskNotes": "Safe",
    "operationalConfidence": "Medium",
    "sourceUrl": "",
    "lastChecked": "",
    "confidence": ""
  },
  {
    "id": "ug",
    "name": "UG",
    "country": "netherlands",
    "countryDisplay": "Netherlands",
    "city": "Radboud University",
    "studyLevels": "",
    "type": "",
    "popularity": "",
    "whySelected": "",
    "costBand": "",
    "visaRiskNotes": "Use with caution",
    "operationalConfidence": "Medium",
    "sourceUrl": "",
    "lastChecked": "",
    "confidence": ""
  },
  {
    "id": "ug",
    "name": "UG",
    "country": "netherlands",
    "countryDisplay": "Netherlands",
    "city": "Radboud University",
    "studyLevels": "",
    "type": "",
    "popularity": "",
    "whySelected": "",
    "costBand": "",
    "visaRiskNotes": "Use with caution",
    "operationalConfidence": "Medium",
    "sourceUrl": "",
    "lastChecked": "",
    "confidence": ""
  },
  {
    "id": "pg",
    "name": "PG",
    "country": "netherlands",
    "countryDisplay": "Netherlands",
    "city": "Radboud University",
    "studyLevels": "",
    "type": "",
    "popularity": "",
    "whySelected": "",
    "costBand": "",
    "visaRiskNotes": "Safe",
    "operationalConfidence": "Medium",
    "sourceUrl": "",
    "lastChecked": "",
    "confidence": ""
  },
  {
    "id": "pg",
    "name": "PG",
    "country": "netherlands",
    "countryDisplay": "Netherlands",
    "city": "Radboud University",
    "studyLevels": "",
    "type": "",
    "popularity": "",
    "whySelected": "",
    "costBand": "",
    "visaRiskNotes": "Safe",
    "operationalConfidence": "Medium",
    "sourceUrl": "",
    "lastChecked": "",
    "confidence": ""
  },
  {
    "id": "pg",
    "name": "PG",
    "country": "netherlands",
    "countryDisplay": "Netherlands",
    "city": "Radboud University",
    "studyLevels": "",
    "type": "",
    "popularity": "",
    "whySelected": "",
    "costBand": "",
    "visaRiskNotes": "Safe",
    "operationalConfidence": "Medium",
    "sourceUrl": "",
    "lastChecked": "",
    "confidence": ""
  },
  {
    "id": "pg",
    "name": "PG",
    "country": "netherlands",
    "countryDisplay": "Netherlands",
    "city": "Radboud University",
    "studyLevels": "",
    "type": "",
    "popularity": "",
    "whySelected": "",
    "costBand": "",
    "visaRiskNotes": "Use with caution",
    "operationalConfidence": "Medium",
    "sourceUrl": "",
    "lastChecked": "",
    "confidence": ""
  },
  {
    "id": "pg",
    "name": "PG",
    "country": "netherlands",
    "countryDisplay": "Netherlands",
    "city": "Radboud University",
    "studyLevels": "",
    "type": "",
    "popularity": "",
    "whySelected": "",
    "costBand": "",
    "visaRiskNotes": "Use with caution",
    "operationalConfidence": "Medium",
    "sourceUrl": "",
    "lastChecked": "",
    "confidence": ""
  },
  {
    "id": "pg",
    "name": "PG",
    "country": "netherlands",
    "countryDisplay": "Netherlands",
    "city": "Radboud University",
    "studyLevels": "",
    "type": "",
    "popularity": "",
    "whySelected": "",
    "costBand": "",
    "visaRiskNotes": "Use with caution",
    "operationalConfidence": "Medium",
    "sourceUrl": "",
    "lastChecked": "",
    "confidence": ""
  },
  {
    "id": "pg",
    "name": "PG",
    "country": "netherlands",
    "countryDisplay": "Netherlands",
    "city": "Radboud University",
    "studyLevels": "",
    "type": "",
    "popularity": "",
    "whySelected": "",
    "costBand": "",
    "visaRiskNotes": "Safe",
    "operationalConfidence": "Medium",
    "sourceUrl": "",
    "lastChecked": "",
    "confidence": ""
  },
  {
    "id": "pg",
    "name": "PG",
    "country": "netherlands",
    "countryDisplay": "Netherlands",
    "city": "Radboud University",
    "studyLevels": "",
    "type": "",
    "popularity": "",
    "whySelected": "",
    "costBand": "",
    "visaRiskNotes": "Use with caution",
    "operationalConfidence": "Medium",
    "sourceUrl": "",
    "lastChecked": "",
    "confidence": ""
  },
  {
    "id": "pg",
    "name": "PG",
    "country": "netherlands",
    "countryDisplay": "Netherlands",
    "city": "Radboud University",
    "studyLevels": "",
    "type": "",
    "popularity": "",
    "whySelected": "",
    "costBand": "",
    "visaRiskNotes": "Safe",
    "operationalConfidence": "Medium",
    "sourceUrl": "",
    "lastChecked": "",
    "confidence": ""
  },
  {
    "id": "ug",
    "name": "UG",
    "country": "netherlands",
    "countryDisplay": "Netherlands",
    "city": "The Hague University of Applied Sciences",
    "studyLevels": "",
    "type": "",
    "popularity": "",
    "whySelected": "",
    "costBand": "",
    "visaRiskNotes": "Safe",
    "operationalConfidence": "High",
    "sourceUrl": "",
    "lastChecked": "",
    "confidence": ""
  },
  {
    "id": "ug",
    "name": "UG",
    "country": "netherlands",
    "countryDisplay": "Netherlands",
    "city": "The Hague University of Applied Sciences",
    "studyLevels": "",
    "type": "",
    "popularity": "",
    "whySelected": "",
    "costBand": "",
    "visaRiskNotes": "Safe",
    "operationalConfidence": "Medium",
    "sourceUrl": "",
    "lastChecked": "",
    "confidence": ""
  },
  {
    "id": "ug",
    "name": "UG",
    "country": "netherlands",
    "countryDisplay": "Netherlands",
    "city": "The Hague University of Applied Sciences",
    "studyLevels": "",
    "type": "",
    "popularity": "",
    "whySelected": "",
    "costBand": "",
    "visaRiskNotes": "Safe",
    "operationalConfidence": "High",
    "sourceUrl": "",
    "lastChecked": "",
    "confidence": ""
  },
  {
    "id": "ug",
    "name": "UG",
    "country": "netherlands",
    "countryDisplay": "Netherlands",
    "city": "The Hague University of Applied Sciences",
    "studyLevels": "",
    "type": "",
    "popularity": "",
    "whySelected": "",
    "costBand": "",
    "visaRiskNotes": "Use with caution",
    "operationalConfidence": "Medium",
    "sourceUrl": "",
    "lastChecked": "",
    "confidence": ""
  },
  {
    "id": "ug",
    "name": "UG",
    "country": "netherlands",
    "countryDisplay": "Netherlands",
    "city": "The Hague University of Applied Sciences",
    "studyLevels": "",
    "type": "",
    "popularity": "",
    "whySelected": "",
    "costBand": "",
    "visaRiskNotes": "Safe",
    "operationalConfidence": "Medium",
    "sourceUrl": "",
    "lastChecked": "",
    "confidence": ""
  },
  {
    "id": "ug",
    "name": "UG",
    "country": "netherlands",
    "countryDisplay": "Netherlands",
    "city": "The Hague University of Applied Sciences",
    "studyLevels": "",
    "type": "",
    "popularity": "",
    "whySelected": "",
    "costBand": "",
    "visaRiskNotes": "Use with caution",
    "operationalConfidence": "Medium",
    "sourceUrl": "",
    "lastChecked": "",
    "confidence": ""
  },
  {
    "id": "pg",
    "name": "PG",
    "country": "netherlands",
    "countryDisplay": "Netherlands",
    "city": "The Hague University of Applied Sciences",
    "studyLevels": "",
    "type": "",
    "popularity": "",
    "whySelected": "",
    "costBand": "",
    "visaRiskNotes": "Safe",
    "operationalConfidence": "Medium",
    "sourceUrl": "",
    "lastChecked": "",
    "confidence": ""
  },
  {
    "id": "pg",
    "name": "PG",
    "country": "netherlands",
    "countryDisplay": "Netherlands",
    "city": "The Hague University of Applied Sciences",
    "studyLevels": "",
    "type": "",
    "popularity": "",
    "whySelected": "",
    "costBand": "",
    "visaRiskNotes": "Safe",
    "operationalConfidence": "Medium",
    "sourceUrl": "",
    "lastChecked": "",
    "confidence": ""
  },
  {
    "id": "pg",
    "name": "PG",
    "country": "netherlands",
    "countryDisplay": "Netherlands",
    "city": "The Hague University of Applied Sciences",
    "studyLevels": "",
    "type": "",
    "popularity": "",
    "whySelected": "",
    "costBand": "",
    "visaRiskNotes": "Use with caution",
    "operationalConfidence": "Medium",
    "sourceUrl": "",
    "lastChecked": "",
    "confidence": ""
  },
  {
    "id": "pg",
    "name": "PG",
    "country": "netherlands",
    "countryDisplay": "Netherlands",
    "city": "The Hague University of Applied Sciences",
    "studyLevels": "",
    "type": "",
    "popularity": "",
    "whySelected": "",
    "costBand": "",
    "visaRiskNotes": "Use with caution",
    "operationalConfidence": "Medium",
    "sourceUrl": "",
    "lastChecked": "",
    "confidence": ""
  },
  {
    "id": "pg",
    "name": "PG",
    "country": "netherlands",
    "countryDisplay": "Netherlands",
    "city": "The Hague University of Applied Sciences",
    "studyLevels": "",
    "type": "",
    "popularity": "",
    "whySelected": "",
    "costBand": "",
    "visaRiskNotes": "Use with caution",
    "operationalConfidence": "Medium",
    "sourceUrl": "",
    "lastChecked": "",
    "confidence": ""
  },
  {
    "id": "pg",
    "name": "PG",
    "country": "netherlands",
    "countryDisplay": "Netherlands",
    "city": "The Hague University of Applied Sciences",
    "studyLevels": "",
    "type": "",
    "popularity": "",
    "whySelected": "",
    "costBand": "",
    "visaRiskNotes": "Use with caution",
    "operationalConfidence": "High",
    "sourceUrl": "",
    "lastChecked": "",
    "confidence": ""
  },
  {
    "id": "pg",
    "name": "PG",
    "country": "netherlands",
    "countryDisplay": "Netherlands",
    "city": "The Hague University of Applied Sciences",
    "studyLevels": "",
    "type": "",
    "popularity": "",
    "whySelected": "",
    "costBand": "",
    "visaRiskNotes": "Use with caution",
    "operationalConfidence": "High",
    "sourceUrl": "",
    "lastChecked": "",
    "confidence": ""
  }
]