[
  {
    "id": "the-university-of-auckland",
    "name": "The University of Auckland",
    "country": "newzealand",
    "countryDisplay": "New Zealand",
    "city": "Auckland",
    "studyLevels": "",
    "type": "",
    "popularity": "",
    "whySelected": "",
    "costBand": "",
    "visaRiskNotes": "Student visa outcomes are evidence based and can be delayed if funding, academic progression, or purpose of study documentation is weak.",
    "operationalConfidence": "Safe",
    "sourceUrl": "https://www.auckland.ac.nz/en/study/fees-and-money-matters/tuition-fees/undergraduate-international-fees.html",
    "lastChecked": 46071,
    "confidence": "High"
  },
  {
    "id": "university-of-otago",
    "name": "University of Otago",
    "country": "newzealand",
    "countryDisplay": "New Zealand",
    "city": "Dunedin",
    "studyLevels": "",
    "type": "",
    "popularity": "",
    "whySelected": "",
    "costBand": "",
    "visaRiskNotes": "Visa assessment focuses on genuine student intent and ability to fund study and living costs.",
    "operationalConfidence": "Safe",
    "sourceUrl": "https://www.otago.ac.nz/international/fees",
    "lastChecked": 46071,
    "confidence": "Medium"
  },
  {
    "id": "university-of-canterbury",
    "name": "University of Canterbury",
    "country": "newzealand",
    "countryDisplay": "New Zealand",
    "city": "Christchurch",
    "studyLevels": "",
    "type": "",
    "popularity": "",
    "whySelected": "",
    "costBand": "",
    "visaRiskNotes": "Funding evidence and credible study plan remain important for student visa approval.",
    "operationalConfidence": "Safe",
    "sourceUrl": "https://www.canterbury.ac.nz/study/getting-started/study-and-living-costs/study-costs/international-tuition-fees",
    "lastChecked": 46071,
    "confidence": "Medium"
  },
  {
    "id": "university-of-waikato",
    "name": "University of Waikato",
    "country": "newzealand",
    "countryDisplay": "New Zealand",
    "city": "Hamilton",
    "studyLevels": "",
    "type": "",
    "popularity": "",
    "whySelected": "",
    "costBand": "",
    "visaRiskNotes": "Student visa scrutiny increases if programme choice and career rationale are unclear.",
    "operationalConfidence": "Safe",
    "sourceUrl": "https://www.waikato.ac.nz/int/study/fees-costs/international-tuition-costs/",
    "lastChecked": 46071,
    "confidence": "Medium"
  },
  {
    "id": "victoria-university-of-wellington",
    "name": "Victoria University of Wellington",
    "country": "newzealand",
    "countryDisplay": "New Zealand",
    "city": "Wellington",
    "studyLevels": "",
    "type": "",
    "popularity": "",
    "whySelected": "",
    "costBand": "",
    "visaRiskNotes": "Evidence of funds and programme fit is checked and living costs in Wellington can raise funding burden.",
    "operationalConfidence": "Safe",
    "sourceUrl": "https://www.wgtn.ac.nz/students/money/fees/international",
    "lastChecked": 46071,
    "confidence": "High"
  },
  {
    "id": "massey-university",
    "name": "Massey University",
    "country": "newzealand",
    "countryDisplay": "New Zealand",
    "city": "Palmerston North",
    "studyLevels": "",
    "type": "",
    "popularity": "",
    "whySelected": "",
    "costBand": "",
    "visaRiskNotes": "Visa decisions remain evidence based and weak documentation can cause delays or declines.",
    "operationalConfidence": "Safe",
    "sourceUrl": "https://www.massey.ac.nz/study/fees-and-funding/tuition-fees-for-domestic-and-international-students/tuition-fees-for-international-students/",
    "lastChecked": 46071,
    "confidence": "Medium"
  },
  {
    "id": "auckland-university-of-technology",
    "name": "Auckland University of Technology",
    "country": "newzealand",
    "countryDisplay": "New Zealand",
    "city": "Auckland",
    "studyLevels": "",
    "type": "",
    "popularity": "",
    "whySelected": "",
    "costBand": "",
    "visaRiskNotes": "Auckland cost of living increases the required funding buffer and scrutiny if finances are tight.",
    "operationalConfidence": "Safe",
    "sourceUrl": "https://www.aut.ac.nz/study/fees-and-scholarships/fees-to-study-at-aut/international-student-fees-at-aut",
    "lastChecked": 46071,
    "confidence": "High"
  },
  {
    "id": "lincoln-university",
    "name": "Lincoln University",
    "country": "newzealand",
    "countryDisplay": "New Zealand",
    "city": "Lincoln",
    "studyLevels": "",
    "type": "",
    "popularity": "",
    "whySelected": "",
    "costBand": "",
    "visaRiskNotes": "Visa review focuses on credible study rationale and ability to fund the full stay.",
    "operationalConfidence": "Safe",
    "sourceUrl": "https://www.lincoln.ac.nz/study/fees/international-fees/",
    "lastChecked": 46071,
    "confidence": "High"
  },
  {
    "id": "unitec-institute-of-technology",
    "name": "Unitec Institute of Technology",
    "country": "newzealand",
    "countryDisplay": "New Zealand",
    "city": "Auckland",
    "studyLevels": "",
    "type": "",
    "popularity": "",
    "whySelected": "",
    "costBand": "",
    "visaRiskNotes": "Lower selectivity providers can face higher intent scrutiny if academic history or programme rationale is weak.",
    "operationalConfidence": "Use_with_Caution",
    "sourceUrl": "https://www.unitec.ac.nz/international/study-with-us/international-fees/",
    "lastChecked": 46071,
    "confidence": "Medium"
  },
  {
    "id": "ara-institute-of-canterbury",
    "name": "Ara Institute of Canterbury",
    "country": "newzealand",
    "countryDisplay": "New Zealand",
    "city": "Christchurch",
    "studyLevels": "",
    "type": "",
    "popularity": "",
    "whySelected": "",
    "costBand": "",
    "visaRiskNotes": "Visa scrutiny increases if course selection looks unrelated to prior study or work history.",
    "operationalConfidence": "Use_with_Caution",
    "sourceUrl": "https://www.ara.ac.nz/study/priority-learner-groups/international/International-fees/",
    "lastChecked": 46071,
    "confidence": "Medium"
  },
  {
    "id": "otago-polytechnic",
    "name": "Otago Polytechnic",
    "country": "newzealand",
    "countryDisplay": "New Zealand",
    "city": "Dunedin",
    "studyLevels": "",
    "type": "",
    "popularity": "",
    "whySelected": "",
    "costBand": "",
    "visaRiskNotes": "Evidence of genuine study intent and funding is essential and smaller city location does not reduce requirements.",
    "operationalConfidence": "Use_with_Caution",
    "sourceUrl": "https://www.op.ac.nz/international/fees-and-scholarship/international-fees-table",
    "lastChecked": 46071,
    "confidence": "High"
  },
  {
    "id": "waikato-institute-of-technology",
    "name": "Waikato Institute of Technology",
    "country": "newzealand",
    "countryDisplay": "New Zealand",
    "city": "Hamilton",
    "studyLevels": "",
    "type": "",
    "popularity": "",
    "whySelected": "",
    "costBand": "",
    "visaRiskNotes": "Applied providers can be questioned if programme choice seems migration led and documentation is weak.",
    "operationalConfidence": "Use_with_Caution",
    "sourceUrl": "https://www.wintec.ac.nz/international",
    "lastChecked": 46071,
    "confidence": "Low"
  },
  {
    "id": "nelson-marlborough-institute-of-technology",
    "name": "Nelson Marlborough Institute of Technology",
    "country": "newzealand",
    "countryDisplay": "New Zealand",
    "city": "Nelson",
    "studyLevels": "",
    "type": "",
    "popularity": "",
    "whySelected": "",
    "costBand": "",
    "visaRiskNotes": "Smaller providers require a stronger narrative on why the location and programme fit your background.",
    "operationalConfidence": "Use_with_Caution",
    "sourceUrl": "https://www.nzist.ac.nz/assets/International/International-Study-Guide-A4-2024-NEW.pdf",
    "lastChecked": 46071,
    "confidence": "Low"
  },
  {
    "id": "manukau-institute-of-technology",
    "name": "Manukau Institute of Technology",
    "country": "newzealand",
    "countryDisplay": "New Zealand",
    "city": "Auckland",
    "studyLevels": "",
    "type": "",
    "popularity": "",
    "whySelected": "",
    "costBand": "",
    "visaRiskNotes": "Auckland cost of living increases required funds and weak documentation can trigger scrutiny.",
    "operationalConfidence": "Use_with_Caution",
    "sourceUrl": "https://www.nzist.ac.nz/assets/International/International-Study-Guide-A4-2024-NEW.pdf",
    "lastChecked": 46071,
    "confidence": "Low"
  },
  {
    "id": "northtec",
    "name": "NorthTec",
    "country": "newzealand",
    "countryDisplay": "New Zealand",
    "city": "Whangarei",
    "studyLevels": "",
    "type": "",
    "popularity": "",
    "whySelected": "",
    "costBand": "",
    "visaRiskNotes": "Remote locations can increase questions about study motivation and plans, so documentation must be strong.",
    "operationalConfidence": "Use_with_Caution",
    "sourceUrl": "https://www.nzist.ac.nz/assets/International/International-Study-Guide-A4-2024-NEW.pdf",
    "lastChecked": 46071,
    "confidence": "Low"
  },
  {
    "id": "southern-institute-of-technology",
    "name": "Southern Institute of Technology",
    "country": "newzealand",
    "countryDisplay": "New Zealand",
    "city": "Invercargill",
    "studyLevels": "",
    "type": "",
    "popularity": "",
    "whySelected": "",
    "costBand": "",
    "visaRiskNotes": "Lower cost locations do not remove visa funding rules and intent scrutiny can increase for low ranked providers.",
    "operationalConfidence": "Use_with_Caution",
    "sourceUrl": "https://www.nzist.ac.nz/assets/International/International-Study-Guide-A4-2024-NEW.pdf",
    "lastChecked": 46071,
    "confidence": "Low"
  },
  {
    "id": "toi-ohomai-institute-of-technology",
    "name": "Toi Ohomai Institute of Technology",
    "country": "newzealand",
    "countryDisplay": "New Zealand",
    "city": "Tauranga",
    "studyLevels": "",
    "type": "",
    "popularity": "",
    "whySelected": "",
    "costBand": "",
    "visaRiskNotes": "Smaller providers can face higher intent scrutiny if academic and career alignment is unclear.",
    "operationalConfidence": "Use_with_Caution",
    "sourceUrl": "https://www.nzist.ac.nz/assets/International/International-Study-Guide-A4-2024-NEW.pdf",
    "lastChecked": 46071,
    "confidence": "Low"
  },
  {
    "id": "eastern-institute-of-technology",
    "name": "Eastern Institute of Technology",
    "country": "newzealand",
    "countryDisplay": "New Zealand",
    "city": "Napier",
    "studyLevels": "",
    "type": "",
    "popularity": "",
    "whySelected": "",
    "costBand": "",
    "visaRiskNotes": "Visa scrutiny can increase for providers with lower selectivity if documentation is weak.",
    "operationalConfidence": "Use_with_Caution",
    "sourceUrl": "https://www.nzist.ac.nz/assets/International/International-Study-Guide-A4-2024-NEW.pdf",
    "lastChecked": 46071,
    "confidence": "Low"
  },
  {
    "id": "wellington-institute-of-technology",
    "name": "Wellington Institute of Technology",
    "country": "newzealand",
    "countryDisplay": "New Zealand",
    "city": "Wellington",
    "studyLevels": "",
    "type": "",
    "popularity": "",
    "whySelected": "",
    "costBand": "",
    "visaRiskNotes": "Wellington costs raise funding requirements and intent scrutiny applies if programme fit is weak.",
    "operationalConfidence": "Use_with_Caution",
    "sourceUrl": "https://www.nzist.ac.nz/assets/International/International-Study-Guide-A4-2024-NEW.pdf",
    "lastChecked": 46071,
    "confidence": "Low"
  },
  {
    "id": "whitireia-new-zealand",
    "name": "Whitireia New Zealand",
    "country": "newzealand",
    "countryDisplay": "New Zealand",
    "city": "Porirua",
    "studyLevels": "",
    "type": "",
    "popularity": "",
    "whySelected": "",
    "costBand": "",
    "visaRiskNotes": "Evidence of genuine study intent and progression is critical for student visa assessment.",
    "operationalConfidence": "Use_with_Caution",
    "sourceUrl": "https://www.nzist.ac.nz/assets/International/International-Study-Guide-A4-2024-NEW.pdf",
    "lastChecked": 46071,
    "confidence": "Low"
  },
  {
    "id": "immigration-new-zealand",
    "name": "Immigration New Zealand",
    "country": "newzealand",
    "countryDisplay": "New Zealand",
    "city": "Wellington",
    "studyLevels": "",
    "type": "",
    "popularity": "",
    "whySelected": "",
    "costBand": "",
    "visaRiskNotes": "Post Study Work Visa eligibility depends on qualification level, full time study duration, and approved programmes where applicable.",
    "operationalConfidence": "Safe",
    "sourceUrl": "https://immigration.govt.nz/visas/post-study-work-visa",
    "lastChecked": 46071,
    "confidence": "High"
  }
]