[
  {
    "id": "university-of-oslo",
    "name": "University of Oslo",
    "country": "norway",
    "countryDisplay": "Norway",
    "city": "Oslo",
    "studyLevels": "",
    "type": "",
    "popularity": "",
    "whySelected": "",
    "costBand": "",
    "visaRiskNotes": "Study permit decisions can be sensitive to proof of funds and tuition payment for non EU EEA applicants.",
    "operationalConfidence": "Safe",
    "sourceUrl": "https://www.uio.no/english/studies/admission/tuition/",
    "lastChecked": 46071,
    "confidence": "Medium"
  },
  {
    "id": "norwegian-university-of-science-and-technology",
    "name": "Norwegian University of Science and Technology",
    "country": "norway",
    "countryDisplay": "Norway",
    "city": "Trondheim",
    "studyLevels": "",
    "type": "",
    "popularity": "",
    "whySelected": "",
    "costBand": "",
    "visaRiskNotes": "Financial documentation and tuition payment requirements apply for non EU EEA applicants.",
    "operationalConfidence": "Safe",
    "sourceUrl": "https://www.ntnu.edu/studies/tuition-fee",
    "lastChecked": 46071,
    "confidence": "High"
  },
  {
    "id": "university-of-bergen",
    "name": "University of Bergen",
    "country": "norway",
    "countryDisplay": "Norway",
    "city": "Bergen",
    "studyLevels": "",
    "type": "",
    "popularity": "",
    "whySelected": "",
    "costBand": "",
    "visaRiskNotes": "Higher tuition in some faculties can increase financial scrutiny for the study permit.",
    "operationalConfidence": "Safe",
    "sourceUrl": "https://www4.uib.no/en/studies/admission-and-application/tuition-fee-for-international-students",
    "lastChecked": 46071,
    "confidence": "High"
  },
  {
    "id": "uit-the-arctic-university-of-norway",
    "name": "UiT The Arctic University of Norway",
    "country": "norway",
    "countryDisplay": "Norway",
    "city": "Tromsø",
    "studyLevels": "",
    "type": "",
    "popularity": "",
    "whySelected": "",
    "costBand": "",
    "visaRiskNotes": "Non EU EEA students may face added scrutiny on funds because living costs are high and tuition applies.",
    "operationalConfidence": "Safe",
    "sourceUrl": "https://en.uit.no/admission",
    "lastChecked": 46071,
    "confidence": "Medium"
  },
  {
    "id": "university-of-stavanger",
    "name": "University of Stavanger",
    "country": "norway",
    "countryDisplay": "Norway",
    "city": "Stavanger",
    "studyLevels": "",
    "type": "",
    "popularity": "",
    "whySelected": "",
    "costBand": "",
    "visaRiskNotes": "Strong focus areas can have higher tuition and cost of living, so funding proof matters.",
    "operationalConfidence": "Safe",
    "sourceUrl": "https://www.uis.no/en/studies",
    "lastChecked": 46071,
    "confidence": "Medium"
  },
  {
    "id": "university-of-agder",
    "name": "University of Agder",
    "country": "norway",
    "countryDisplay": "Norway",
    "city": "Kristiansand",
    "studyLevels": "",
    "type": "",
    "popularity": "",
    "whySelected": "",
    "costBand": "",
    "visaRiskNotes": "Smaller city helps living costs, however tuition and funds proof still apply for non EU EEA.",
    "operationalConfidence": "Safe",
    "sourceUrl": "https://www.uia.no/en",
    "lastChecked": 46071,
    "confidence": "Medium"
  },
  {
    "id": "nord-university",
    "name": "Nord University",
    "country": "norway",
    "countryDisplay": "Norway",
    "city": "Bodø",
    "studyLevels": "",
    "type": "",
    "popularity": "",
    "whySelected": "",
    "costBand": "",
    "visaRiskNotes": "Regional location can raise questions about study intent, so documentation should be clean and conservative.",
    "operationalConfidence": "Safe",
    "sourceUrl": "https://www.nord.no/en",
    "lastChecked": 46071,
    "confidence": "Medium"
  },
  {
    "id": "norwegian-university-of-life-sciences",
    "name": "Norwegian University of Life Sciences",
    "country": "norway",
    "countryDisplay": "Norway",
    "city": "Ås",
    "studyLevels": "",
    "type": "",
    "popularity": "",
    "whySelected": "",
    "costBand": "",
    "visaRiskNotes": "Non EU EEA students must plan for tuition plus required living funds and document both clearly.",
    "operationalConfidence": "Safe",
    "sourceUrl": "https://www.nmbu.no/en/studies/tuition-fees",
    "lastChecked": 46071,
    "confidence": "High"
  },
  {
    "id": "oslo-metropolitan-university",
    "name": "Oslo Metropolitan University",
    "country": "norway",
    "countryDisplay": "Norway",
    "city": "Oslo",
    "studyLevels": "",
    "type": "",
    "popularity": "",
    "whySelected": "",
    "costBand": "",
    "visaRiskNotes": "Oslo living costs and strict proof of funds can drive permit scrutiny even if tuition is moderate.",
    "operationalConfidence": "Safe",
    "sourceUrl": "https://student.oslomet.no/en/tuition-fees-for-international-students-from-outside-eu-eea",
    "lastChecked": 46071,
    "confidence": "High"
  },
  {
    "id": "university-of-south-eastern-norway",
    "name": "University of South Eastern Norway",
    "country": "norway",
    "countryDisplay": "Norway",
    "city": "Drammen",
    "studyLevels": "",
    "type": "",
    "popularity": "",
    "whySelected": "",
    "costBand": "",
    "visaRiskNotes": "Applied profiles are fine, however finances and genuine study intent must be clearly documented.",
    "operationalConfidence": "Safe",
    "sourceUrl": "https://www.usn.no/english/",
    "lastChecked": 46071,
    "confidence": "Medium"
  },
  {
    "id": "western-norway-university-of-applied-sciences",
    "name": "Western Norway University of Applied Sciences",
    "country": "norway",
    "countryDisplay": "Norway",
    "city": "Bergen",
    "studyLevels": "",
    "type": "",
    "popularity": "",
    "whySelected": "",
    "costBand": "",
    "visaRiskNotes": "Funding proof and tuition obligations apply for non EU EEA applicants.",
    "operationalConfidence": "Safe",
    "sourceUrl": "https://www.hvl.no/en/",
    "lastChecked": 46071,
    "confidence": "Medium"
  },
  {
    "id": "inland-norway-university-of-applied-sciences",
    "name": "Inland Norway University of Applied Sciences",
    "country": "norway",
    "countryDisplay": "Norway",
    "city": "Lillehammer",
    "studyLevels": "",
    "type": "",
    "popularity": "",
    "whySelected": "",
    "costBand": "",
    "visaRiskNotes": "Smaller cities can trigger intent questions, so admissions and funding documentation should be very conservative.",
    "operationalConfidence": "Safe",
    "sourceUrl": "https://www.inn.no/english/",
    "lastChecked": 46071,
    "confidence": "Medium"
  },
  {
    "id": "molde-university-college",
    "name": "Molde University College",
    "country": "norway",
    "countryDisplay": "Norway",
    "city": "Molde",
    "studyLevels": "",
    "type": "",
    "popularity": "",
    "whySelected": "",
    "costBand": "",
    "visaRiskNotes": "Regional location means clean documentation matters, including realistic academic rationale.",
    "operationalConfidence": "Safe",
    "sourceUrl": "https://www.himolde.no/en",
    "lastChecked": 46071,
    "confidence": "Medium"
  },
  {
    "id": "kristiania-university-college",
    "name": "Kristiania University College",
    "country": "norway",
    "countryDisplay": "Norway",
    "city": "Oslo",
    "studyLevels": "",
    "type": "",
    "popularity": "",
    "whySelected": "",
    "costBand": "",
    "visaRiskNotes": "Private tuition plus Oslo living costs increase the need for strong financial proof and clear academic fit.",
    "operationalConfidence": "Use_with_Caution",
    "sourceUrl": "https://www.kristiania.no/en/",
    "lastChecked": 46071,
    "confidence": "Medium"
  },
  {
    "id": "bi-norwegian-business-school",
    "name": "BI Norwegian Business School",
    "country": "norway",
    "countryDisplay": "Norway",
    "city": "Oslo",
    "studyLevels": "",
    "type": "",
    "popularity": "",
    "whySelected": "",
    "costBand": "",
    "visaRiskNotes": "Private tuition is material, so funds proof must cover tuition plus required living costs.",
    "operationalConfidence": "Safe",
    "sourceUrl": "https://www.bi.no/en/programmes-and-individual-courses/admissions/tuition-fees/",
    "lastChecked": 46071,
    "confidence": "High"
  },
  {
    "id": "nhh-norwegian-school-of-economics",
    "name": "NHH Norwegian School of Economics",
    "country": "norway",
    "countryDisplay": "Norway",
    "city": "Bergen",
    "studyLevels": "",
    "type": "",
    "popularity": "",
    "whySelected": "",
    "costBand": "",
    "visaRiskNotes": "Competitive admissions plus high total cost can raise scrutiny if finances look stretched.",
    "operationalConfidence": "Safe",
    "sourceUrl": "https://www.nhh.no/en/study-programmes/",
    "lastChecked": 46071,
    "confidence": "Medium"
  },
  {
    "id": "norwegian-school-of-sport-sciences",
    "name": "Norwegian School of Sport Sciences",
    "country": "norway",
    "countryDisplay": "Norway",
    "city": "Oslo",
    "studyLevels": "",
    "type": "",
    "popularity": "",
    "whySelected": "",
    "costBand": "",
    "visaRiskNotes": "Niche programmes can face intent scrutiny, so academic rationale should be well documented.",
    "operationalConfidence": "Use_with_Caution",
    "sourceUrl": "https://www.nih.no/english/studies/application-and-admission/tuition-fee-for-international-students.html",
    "lastChecked": 46071,
    "confidence": "High"
  },
  {
    "id": "vid-specialized-university",
    "name": "VID Specialized University",
    "country": "norway",
    "countryDisplay": "Norway",
    "city": "Oslo",
    "studyLevels": "",
    "type": "",
    "popularity": "",
    "whySelected": "",
    "costBand": "",
    "visaRiskNotes": "Health and social programmes may have stricter documentation expectations and limited scholarships.",
    "operationalConfidence": "Use_with_Caution",
    "sourceUrl": "https://www.vid.no/en/studies/",
    "lastChecked": 46071,
    "confidence": "Medium"
  },
  {
    "id": "norwegian-school-of-theology-religion-and-society",
    "name": "Norwegian School of Theology, Religion and Society",
    "country": "norway",
    "countryDisplay": "Norway",
    "city": "Oslo",
    "studyLevels": "",
    "type": "",
    "popularity": "",
    "whySelected": "",
    "costBand": "",
    "visaRiskNotes": "Niche field and private institution can increase intent scrutiny for applicants from outside EU EEA.",
    "operationalConfidence": "Use_with_Caution",
    "sourceUrl": "https://www.mf.no/en/study",
    "lastChecked": 46071,
    "confidence": "Medium"
  },
  {
    "id": "nla-university-college",
    "name": "NLA University College",
    "country": "norway",
    "countryDisplay": "Norway",
    "city": "Bergen",
    "studyLevels": "",
    "type": "",
    "popularity": "",
    "whySelected": "",
    "costBand": "",
    "visaRiskNotes": "Smaller private institutions may face higher intent scrutiny, so documentation must be strong and consistent.",
    "operationalConfidence": "Use_with_Caution",
    "sourceUrl": "https://www.nla.no/en/",
    "lastChecked": 46071,
    "confidence": "Medium"
  },
  {
    "id": "norwegian-academy-of-music",
    "name": "Norwegian Academy of Music",
    "country": "norway",
    "countryDisplay": "Norway",
    "city": "Oslo",
    "studyLevels": "",
    "type": "",
    "popularity": "",
    "whySelected": "",
    "costBand": "",
    "visaRiskNotes": "Highly portfolio based admissions and niche outcomes can raise intent scrutiny for some profiles.",
    "operationalConfidence": "Use_with_Caution",
    "sourceUrl": "https://nmh.no/en/study",
    "lastChecked": 46071,
    "confidence": "Medium"
  },
  {
    "id": "university-of-the-arts-oslo",
    "name": "University of the Arts Oslo",
    "country": "norway",
    "countryDisplay": "Norway",
    "city": "Oslo",
    "studyLevels": "",
    "type": "",
    "popularity": "",
    "whySelected": "",
    "costBand": "",
    "visaRiskNotes": "Creative programmes are competitive and niche, so intent and portfolio strength matter heavily.",
    "operationalConfidence": "Use_with_Caution",
    "sourceUrl": "https://khio.no/en",
    "lastChecked": 46071,
    "confidence": "Medium"
  },
  {
    "id": "norwegian-school-of-veterinary-science",
    "name": "Norwegian School of Veterinary Science",
    "country": "norway",
    "countryDisplay": "Norway",
    "city": "Ås",
    "studyLevels": "",
    "type": "",
    "popularity": "",
    "whySelected": "",
    "costBand": "",
    "visaRiskNotes": "High tuition and tightly regulated profession can increase financial and intent scrutiny.",
    "operationalConfidence": "Use_with_Caution",
    "sourceUrl": "https://www.nmbu.no/en/studies/tuition-fees",
    "lastChecked": 46071,
    "confidence": "Medium"
  },
  {
    "id": "fjellhaug-international-university-college",
    "name": "Fjellhaug International University College",
    "country": "norway",
    "countryDisplay": "Norway",
    "city": "Oslo",
    "studyLevels": "",
    "type": "",
    "popularity": "",
    "whySelected": "",
    "costBand": "",
    "visaRiskNotes": "Smaller private college profiles can face higher visa intent scrutiny, so programme relevance must be clear.",
    "operationalConfidence": "Use_with_Caution",
    "sourceUrl": "https://fih.fjellhaug.no/en/",
    "lastChecked": 46071,
    "confidence": "Medium"
  },
  {
    "id": "noroff-school-of-technology-and-digital-media",
    "name": "Noroff School of Technology and Digital Media",
    "country": "norway",
    "countryDisplay": "Norway",
    "city": "Kristiansand",
    "studyLevels": "",
    "type": "",
    "popularity": "",
    "whySelected": "",
    "costBand": "",
    "visaRiskNotes": "Private vocational style pathways can face higher scrutiny, especially if academic progression is unclear.",
    "operationalConfidence": "Do_Not_Recommend",
    "sourceUrl": "https://www.noroff.no/en/studies",
    "lastChecked": 46071,
    "confidence": "Medium"
  },
  {
    "id": "norwegian-school-of-hotel-management",
    "name": "Norwegian School of Hotel Management",
    "country": "norway",
    "countryDisplay": "Norway",
    "city": "Stavanger",
    "studyLevels": "",
    "type": "",
    "popularity": "",
    "whySelected": "",
    "costBand": "",
    "visaRiskNotes": "Hospitality related studies can be questioned on intent if the academic rationale is weak, so documentation should be conservative.",
    "operationalConfidence": "Use_with_Caution",
    "sourceUrl": "https://www.uis.no/en/studies",
    "lastChecked": 46071,
    "confidence": "Low"
  },
  {
    "id": "norwegian-school-of-economics-and-business-administration",
    "name": "Norwegian School of Economics and Business Administration",
    "country": "norway",
    "countryDisplay": "Norway",
    "city": "Bergen",
    "studyLevels": "",
    "type": "",
    "popularity": "",
    "whySelected": "",
    "costBand": "",
    "visaRiskNotes": "Competitive admissions require strong profile and clean financial proof for the study permit.",
    "operationalConfidence": "Safe",
    "sourceUrl": "https://www.nhh.no/en/",
    "lastChecked": 46071,
    "confidence": "Medium"
  }
]