[
  {
    "id": "university-of-lisbon",
    "name": "University of Lisbon",
    "country": "portugal",
    "countryDisplay": "Portugal",
    "city": "Lisbon",
    "studyLevels": "",
    "type": "",
    "popularity": "",
    "whySelected": "",
    "costBand": "",
    "visaRiskNotes": "Strong public institution, but visa review still focuses on finances, academic fit, and credible study plan.",
    "operationalConfidence": "Safe",
    "sourceUrl": "https://www.ulisboa.pt/en",
    "lastChecked": 46071,
    "confidence": "Medium"
  },
  {
    "id": "university-of-porto",
    "name": "University of Porto",
    "country": "portugal",
    "countryDisplay": "Portugal",
    "city": "Porto",
    "studyLevels": "",
    "type": "",
    "popularity": "",
    "whySelected": "",
    "costBand": "",
    "visaRiskNotes": "Generally defensible profile, but documentation quality and funds still drive outcomes.",
    "operationalConfidence": "Safe",
    "sourceUrl": "https://www.up.pt/portal/en/",
    "lastChecked": 46071,
    "confidence": "Medium"
  },
  {
    "id": "university-of-coimbra",
    "name": "University of Coimbra",
    "country": "portugal",
    "countryDisplay": "Portugal",
    "city": "Coimbra",
    "studyLevels": "",
    "type": "",
    "popularity": "",
    "whySelected": "",
    "costBand": "",
    "visaRiskNotes": "High credibility, but some programs have higher fees and closer scrutiny on funding source and intent.",
    "operationalConfidence": "Safe",
    "sourceUrl": "https://www.uc.pt/en/",
    "lastChecked": 46071,
    "confidence": "High"
  },
  {
    "id": "nova-university-lisbon",
    "name": "NOVA University Lisbon",
    "country": "portugal",
    "countryDisplay": "Portugal",
    "city": "Lisbon",
    "studyLevels": "",
    "type": "",
    "popularity": "",
    "whySelected": "",
    "costBand": "",
    "visaRiskNotes": "Strong public profile, but competitive schools may require clearer academic alignment and finances.",
    "operationalConfidence": "Safe",
    "sourceUrl": "https://www.unl.pt/en",
    "lastChecked": 46071,
    "confidence": "Medium"
  },
  {
    "id": "university-of-minho",
    "name": "University of Minho",
    "country": "portugal",
    "countryDisplay": "Portugal",
    "city": "Braga",
    "studyLevels": "",
    "type": "",
    "popularity": "",
    "whySelected": "",
    "costBand": "",
    "visaRiskNotes": "Generally stable visa profile, but weaker documentation or vague academic rationale can trigger questions.",
    "operationalConfidence": "Safe",
    "sourceUrl": "https://www.uminho.pt/EN",
    "lastChecked": 46071,
    "confidence": "Medium"
  },
  {
    "id": "university-of-aveiro",
    "name": "University of Aveiro",
    "country": "portugal",
    "countryDisplay": "Portugal",
    "city": "Aveiro",
    "studyLevels": "",
    "type": "",
    "popularity": "",
    "whySelected": "",
    "costBand": "",
    "visaRiskNotes": "Defensible public profile, but ensure clear program fit and credible funding proof.",
    "operationalConfidence": "Safe",
    "sourceUrl": "https://www.ua.pt/en/",
    "lastChecked": 46071,
    "confidence": "Medium"
  },
  {
    "id": "university-of-algarve",
    "name": "University of Algarve",
    "country": "portugal",
    "countryDisplay": "Portugal",
    "city": "Faro",
    "studyLevels": "",
    "type": "",
    "popularity": "",
    "whySelected": "",
    "costBand": "",
    "visaRiskNotes": "Smaller market intake can mean more scrutiny on study intent and finances.",
    "operationalConfidence": "Use_with_Caution",
    "sourceUrl": "https://www.ualg.pt/en",
    "lastChecked": 46071,
    "confidence": "Medium"
  },
  {
    "id": "university-of-beira-interior",
    "name": "University of Beira Interior",
    "country": "portugal",
    "countryDisplay": "Portugal",
    "city": "Covilhã",
    "studyLevels": "",
    "type": "",
    "popularity": "",
    "whySelected": "",
    "costBand": "",
    "visaRiskNotes": "Smaller city and mixed program language means applicants must show clear academic purpose and English track validity.",
    "operationalConfidence": "Use_with_Caution",
    "sourceUrl": "https://www.ubi.pt/en",
    "lastChecked": 46071,
    "confidence": "Medium"
  },
  {
    "id": "university-of-vora",
    "name": "University of Évora",
    "country": "portugal",
    "countryDisplay": "Portugal",
    "city": "Évora",
    "studyLevels": "",
    "type": "",
    "popularity": "",
    "whySelected": "",
    "costBand": "",
    "visaRiskNotes": "English taught options exist but are narrower, therefore study plan must be precise and credible.",
    "operationalConfidence": "Use_with_Caution",
    "sourceUrl": "https://www.uevora.pt/en",
    "lastChecked": 46071,
    "confidence": "Medium"
  },
  {
    "id": "university-of-trs-os-montes-and-alto-douro",
    "name": "University of Trás os Montes and Alto Douro",
    "country": "portugal",
    "countryDisplay": "Portugal",
    "city": "Vila Real",
    "studyLevels": "",
    "type": "",
    "popularity": "",
    "whySelected": "",
    "costBand": "",
    "visaRiskNotes": "Regional location and limited English availability can increase questions on intent and employability narrative.",
    "operationalConfidence": "Use_with_Caution",
    "sourceUrl": "https://www.utad.pt/en/",
    "lastChecked": 46071,
    "confidence": "Medium"
  },
  {
    "id": "university-of-madeira",
    "name": "University of Madeira",
    "country": "portugal",
    "countryDisplay": "Portugal",
    "city": "Funchal",
    "studyLevels": "",
    "type": "",
    "popularity": "",
    "whySelected": "",
    "costBand": "",
    "visaRiskNotes": "Island location and fewer English tracks require strong justification and clear language of instruction proof.",
    "operationalConfidence": "Use_with_Caution",
    "sourceUrl": "https://www.uma.pt/en/",
    "lastChecked": 46071,
    "confidence": "Low"
  },
  {
    "id": "university-of-the-azores",
    "name": "University of the Azores",
    "country": "portugal",
    "countryDisplay": "Portugal",
    "city": "Ponta Delgada",
    "studyLevels": "",
    "type": "",
    "popularity": "",
    "whySelected": "",
    "costBand": "",
    "visaRiskNotes": "Limited English provision and island context can raise credibility questions if plan is not tight.",
    "operationalConfidence": "Do_Not_Recommend",
    "sourceUrl": "https://www.uac.pt/en",
    "lastChecked": 46071,
    "confidence": "Low"
  },
  {
    "id": "iscte-university-institute-of-lisbon",
    "name": "ISCTE University Institute of Lisbon",
    "country": "portugal",
    "countryDisplay": "Portugal",
    "city": "Lisbon",
    "studyLevels": "",
    "type": "",
    "popularity": "",
    "whySelected": "",
    "costBand": "",
    "visaRiskNotes": "Strong Lisbon profile, but business and data programs can be competitive and require clean documentation.",
    "operationalConfidence": "Safe",
    "sourceUrl": "https://www.iscte-iul.pt/en",
    "lastChecked": 46071,
    "confidence": "Medium"
  },
  {
    "id": "catholic-university-of-portugal",
    "name": "Catholic University of Portugal",
    "country": "portugal",
    "countryDisplay": "Portugal",
    "city": "Lisbon",
    "studyLevels": "",
    "type": "",
    "popularity": "",
    "whySelected": "",
    "costBand": "",
    "visaRiskNotes": "Private tuition and mixed program language can increase scrutiny, therefore funding and program relevance must be solid.",
    "operationalConfidence": "Use_with_Caution",
    "sourceUrl": "https://www.ucp.pt/en",
    "lastChecked": 46071,
    "confidence": "Medium"
  },
  {
    "id": "lusfona-university",
    "name": "Lusófona University",
    "country": "portugal",
    "countryDisplay": "Portugal",
    "city": "Lisbon",
    "studyLevels": "",
    "type": "",
    "popularity": "",
    "whySelected": "",
    "costBand": "",
    "visaRiskNotes": "Private institution with variable program quality, therefore visa credibility depends heavily on program choice and study rationale.",
    "operationalConfidence": "Do_Not_Recommend",
    "sourceUrl": "https://www.ulusofona.pt/en",
    "lastChecked": 46071,
    "confidence": "Low"
  },
  {
    "id": "university-institute-of-maia",
    "name": "University Institute of Maia",
    "country": "portugal",
    "countryDisplay": "Portugal",
    "city": "Maia",
    "studyLevels": "",
    "type": "",
    "popularity": "",
    "whySelected": "",
    "costBand": "",
    "visaRiskNotes": "Smaller private profile, therefore higher chance of scrutiny on intent, finances, and program credibility.",
    "operationalConfidence": "Do_Not_Recommend",
    "sourceUrl": "https://www.ismai.pt/en",
    "lastChecked": 46071,
    "confidence": "Low"
  },
  {
    "id": "polytechnic-institute-of-bragana",
    "name": "Polytechnic Institute of Bragança",
    "country": "portugal",
    "countryDisplay": "Portugal",
    "city": "Bragança",
    "studyLevels": "",
    "type": "",
    "popularity": "",
    "whySelected": "",
    "costBand": "",
    "visaRiskNotes": "Polytechnics can face more intent scrutiny, therefore show strong academic to career logic and clear English track proof.",
    "operationalConfidence": "Safe",
    "sourceUrl": "https://ipb.pt/en",
    "lastChecked": 46071,
    "confidence": "Medium"
  },
  {
    "id": "polytechnic-institute-of-leiria",
    "name": "Polytechnic Institute of Leiria",
    "country": "portugal",
    "countryDisplay": "Portugal",
    "city": "Leiria",
    "studyLevels": "",
    "type": "",
    "popularity": "",
    "whySelected": "",
    "costBand": "",
    "visaRiskNotes": "Applicant must document English taught track details and realistic finances, because polytechnic profiles can be questioned.",
    "operationalConfidence": "Safe",
    "sourceUrl": "https://www.ipleiria.pt/en/",
    "lastChecked": 46071,
    "confidence": "Medium"
  },
  {
    "id": "polytechnic-institute-of-porto",
    "name": "Polytechnic Institute of Porto",
    "country": "portugal",
    "countryDisplay": "Portugal",
    "city": "Porto",
    "studyLevels": "",
    "type": "",
    "popularity": "",
    "whySelected": "",
    "costBand": "",
    "visaRiskNotes": "Large polytechnic with many tracks, but English coverage varies, therefore confirm program language formally.",
    "operationalConfidence": "Use_with_Caution",
    "sourceUrl": "https://www.ipp.pt/en",
    "lastChecked": 46071,
    "confidence": "Medium"
  },
  {
    "id": "polytechnic-institute-of-lisbon",
    "name": "Polytechnic Institute of Lisbon",
    "country": "portugal",
    "countryDisplay": "Portugal",
    "city": "Lisbon",
    "studyLevels": "",
    "type": "",
    "popularity": "",
    "whySelected": "",
    "costBand": "",
    "visaRiskNotes": "Lisbon cost pressure increases scrutiny on funding adequacy, especially for polytechnic programs.",
    "operationalConfidence": "Use_with_Caution",
    "sourceUrl": "https://www.ipl.pt/en",
    "lastChecked": 46071,
    "confidence": "Medium"
  },
  {
    "id": "polytechnic-institute-of-coimbra",
    "name": "Polytechnic Institute of Coimbra",
    "country": "portugal",
    "countryDisplay": "Portugal",
    "city": "Coimbra",
    "studyLevels": "",
    "type": "",
    "popularity": "",
    "whySelected": "",
    "costBand": "",
    "visaRiskNotes": "English provision varies by school and course, therefore align documents to the exact track language and outcomes.",
    "operationalConfidence": "Use_with_Caution",
    "sourceUrl": "https://www.ipc.pt/en",
    "lastChecked": 46071,
    "confidence": "Medium"
  },
  {
    "id": "polytechnic-institute-of-setbal",
    "name": "Polytechnic Institute of Setúbal",
    "country": "portugal",
    "countryDisplay": "Portugal",
    "city": "Setúbal",
    "studyLevels": "",
    "type": "",
    "popularity": "",
    "whySelected": "",
    "costBand": "",
    "visaRiskNotes": "Proximity to Lisbon plus mixed language programs means applicants must show credible finances and English track confirmation.",
    "operationalConfidence": "Use_with_Caution",
    "sourceUrl": "https://www.ips.pt/ips_si/web_page.inicial?set_language=en",
    "lastChecked": 46071,
    "confidence": "Low"
  },
  {
    "id": "polytechnic-institute-of-viseu",
    "name": "Polytechnic Institute of Viseu",
    "country": "portugal",
    "countryDisplay": "Portugal",
    "city": "Viseu",
    "studyLevels": "",
    "type": "",
    "popularity": "",
    "whySelected": "",
    "costBand": "",
    "visaRiskNotes": "Limited English tracks mean higher documentation burden to prove instruction language and academic rationale.",
    "operationalConfidence": "Use_with_Caution",
    "sourceUrl": "https://www.ipv.pt/en/",
    "lastChecked": 46071,
    "confidence": "Low"
  },
  {
    "id": "polytechnic-institute-of-santarm",
    "name": "Polytechnic Institute of Santarém",
    "country": "portugal",
    "countryDisplay": "Portugal",
    "city": "Santarém",
    "studyLevels": "",
    "type": "",
    "popularity": "",
    "whySelected": "",
    "costBand": "",
    "visaRiskNotes": "Smaller institution profile can increase intent scrutiny unless program choice is clearly defensible.",
    "operationalConfidence": "Use_with_Caution",
    "sourceUrl": "https://www.ipsantarem.pt/en/",
    "lastChecked": 46071,
    "confidence": "Low"
  },
  {
    "id": "polytechnic-institute-of-castelo-branco",
    "name": "Polytechnic Institute of Castelo Branco",
    "country": "portugal",
    "countryDisplay": "Portugal",
    "city": "Castelo Branco",
    "studyLevels": "",
    "type": "",
    "popularity": "",
    "whySelected": "",
    "costBand": "",
    "visaRiskNotes": "Regional campus and limited English tracks require strong proof of instruction language and genuine study intent.",
    "operationalConfidence": "Do_Not_Recommend",
    "sourceUrl": "https://www.ipcb.pt/en",
    "lastChecked": 46071,
    "confidence": "Low"
  },
  {
    "id": "polytechnic-institute-of-guarda",
    "name": "Polytechnic Institute of Guarda",
    "country": "portugal",
    "countryDisplay": "Portugal",
    "city": "Guarda",
    "studyLevels": "",
    "type": "",
    "popularity": "",
    "whySelected": "",
    "costBand": "",
    "visaRiskNotes": "Smaller regional polytechnic, therefore more attention on credibility, funds, and real academic purpose.",
    "operationalConfidence": "Do_Not_Recommend",
    "sourceUrl": "https://politecnicoguarda.pt/en/",
    "lastChecked": 46071,
    "confidence": "Low"
  },
  {
    "id": "polytechnic-institute-of-cvado-and-ave",
    "name": "Polytechnic Institute of Cávado and Ave",
    "country": "portugal",
    "countryDisplay": "Portugal",
    "city": "Barcelos",
    "studyLevels": "",
    "type": "",
    "popularity": "",
    "whySelected": "",
    "costBand": "",
    "visaRiskNotes": "English options exist but are program specific, therefore documentation must match the exact track.",
    "operationalConfidence": "Use_with_Caution",
    "sourceUrl": "https://ipca.pt/en/",
    "lastChecked": 46071,
    "confidence": "Low"
  }
]