[
  {
    "id": "university-of-barcelona",
    "name": "University of Barcelona",
    "country": "spain",
    "countryDisplay": "Spain",
    "city": "Barcelona",
    "studyLevels": "",
    "type": "",
    "popularity": "",
    "whySelected": "",
    "costBand": "",
    "visaRiskNotes": "Student visa decisions depend on finances, credible study plan, and documentation quality, therefore scrutiny can rise for higher cost cities and weak profiles.",
    "operationalConfidence": "Safe",
    "sourceUrl": "https://www.ub.edu/web/ub/en/",
    "lastChecked": 46071,
    "confidence": "Medium"
  },
  {
    "id": "autonomous-university-of-barcelona",
    "name": "Autonomous University of Barcelona",
    "country": "spain",
    "countryDisplay": "Spain",
    "city": "Bellaterra",
    "studyLevels": "",
    "type": "",
    "popularity": "",
    "whySelected": "",
    "costBand": "",
    "visaRiskNotes": "Visa assessment can be strict on proof of funds and academic rationale, therefore weak documentation increases refusal risk.",
    "operationalConfidence": "Safe",
    "sourceUrl": "https://www.uab.cat/web/english.html",
    "lastChecked": 46071,
    "confidence": "Medium"
  },
  {
    "id": "pompeu-fabra-university",
    "name": "Pompeu Fabra University",
    "country": "spain",
    "countryDisplay": "Spain",
    "city": "Barcelona",
    "studyLevels": "",
    "type": "",
    "popularity": "",
    "whySelected": "",
    "costBand": "",
    "visaRiskNotes": "Higher priced masters and premium programs can attract additional financial scrutiny, therefore ensure funds and program fit are well evidenced.",
    "operationalConfidence": "Safe",
    "sourceUrl": "https://www.upf.edu/en/",
    "lastChecked": 46071,
    "confidence": "Medium"
  },
  {
    "id": "autonomous-university-of-madrid",
    "name": "Autonomous University of Madrid",
    "country": "spain",
    "countryDisplay": "Spain",
    "city": "Madrid",
    "studyLevels": "",
    "type": "",
    "popularity": "",
    "whySelected": "",
    "costBand": "",
    "visaRiskNotes": "Madrid living costs and accommodation proof are frequently examined, therefore weak housing and funding evidence raises risk.",
    "operationalConfidence": "Safe",
    "sourceUrl": "https://www.uam.es/uam/en/",
    "lastChecked": 46071,
    "confidence": "Medium"
  },
  {
    "id": "complutense-university-of-madrid",
    "name": "Complutense University of Madrid",
    "country": "spain",
    "countryDisplay": "Spain",
    "city": "Madrid",
    "studyLevels": "",
    "type": "",
    "popularity": "",
    "whySelected": "",
    "costBand": "",
    "visaRiskNotes": "Visa officers may question program language fit if most teaching is local language, therefore only select clearly English taught tracks.",
    "operationalConfidence": "Use_with_Caution",
    "sourceUrl": "https://www.ucm.es/english",
    "lastChecked": 46071,
    "confidence": "Low"
  },
  {
    "id": "carlos-iii-university-of-madrid",
    "name": "Carlos III University of Madrid",
    "country": "spain",
    "countryDisplay": "Spain",
    "city": "Getafe",
    "studyLevels": "",
    "type": "",
    "popularity": "",
    "whySelected": "",
    "costBand": "",
    "visaRiskNotes": "Some masters have higher “special” prices and can trigger financial scrutiny, therefore budget proof must match total cost.",
    "operationalConfidence": "Safe",
    "sourceUrl": "https://www.uc3m.es/",
    "lastChecked": 46071,
    "confidence": "Medium"
  },
  {
    "id": "polytechnic-university-of-madrid",
    "name": "Polytechnic University of Madrid",
    "country": "spain",
    "countryDisplay": "Spain",
    "city": "Madrid",
    "studyLevels": "",
    "type": "",
    "popularity": "",
    "whySelected": "",
    "costBand": "",
    "visaRiskNotes": "Technical programs can be demanding and visa credibility hinges on academic preparedness, therefore weak academics can be questioned.",
    "operationalConfidence": "Safe",
    "sourceUrl": "https://www.upm.es/international",
    "lastChecked": 46071,
    "confidence": "Medium"
  },
  {
    "id": "polytechnic-university-of-catalonia",
    "name": "Polytechnic University of Catalonia",
    "country": "spain",
    "countryDisplay": "Spain",
    "city": "Barcelona",
    "studyLevels": "",
    "type": "",
    "popularity": "",
    "whySelected": "",
    "costBand": "",
    "visaRiskNotes": "Barcelona costs plus technical workload require strong financial plan, therefore avoid tight budgets.",
    "operationalConfidence": "Safe",
    "sourceUrl": "https://www.upc.edu/en",
    "lastChecked": 46071,
    "confidence": "Medium"
  },
  {
    "id": "university-of-valencia",
    "name": "University of Valencia",
    "country": "spain",
    "countryDisplay": "Spain",
    "city": "Valencia",
    "studyLevels": "",
    "type": "",
    "popularity": "",
    "whySelected": "",
    "costBand": "",
    "visaRiskNotes": "Visa review focuses on funds and intent, therefore ensure a consistent story tying program to career.",
    "operationalConfidence": "Safe",
    "sourceUrl": "https://www.uv.es/english/",
    "lastChecked": 46071,
    "confidence": "Medium"
  },
  {
    "id": "polytechnic-university-of-valencia",
    "name": "Polytechnic University of Valencia",
    "country": "spain",
    "countryDisplay": "Spain",
    "city": "Valencia",
    "studyLevels": "",
    "type": "",
    "popularity": "",
    "whySelected": "",
    "costBand": "",
    "visaRiskNotes": "Some programs require strong quantitative background, therefore weak alignment can hurt both admissions and visa credibility.",
    "operationalConfidence": "Safe",
    "sourceUrl": "https://www.upv.es/en",
    "lastChecked": 46071,
    "confidence": "Medium"
  },
  {
    "id": "university-of-granada",
    "name": "University of Granada",
    "country": "spain",
    "countryDisplay": "Spain",
    "city": "Granada",
    "studyLevels": "",
    "type": "",
    "popularity": "",
    "whySelected": "",
    "costBand": "",
    "visaRiskNotes": "Lower cost cities can help budgets, however visa still requires full documented funds and insurance.",
    "operationalConfidence": "Use_with_Caution",
    "sourceUrl": "https://www.ugr.es/en/",
    "lastChecked": 46071,
    "confidence": "Low"
  },
  {
    "id": "university-of-seville",
    "name": "University of Seville",
    "country": "spain",
    "countryDisplay": "Spain",
    "city": "Seville",
    "studyLevels": "",
    "type": "",
    "popularity": "",
    "whySelected": "",
    "costBand": "",
    "visaRiskNotes": "For partially English programs, visa officers may question language ability, therefore confirm the teaching language in writing.",
    "operationalConfidence": "Use_with_Caution",
    "sourceUrl": "https://www.us.es/",
    "lastChecked": 46071,
    "confidence": "Low"
  },
  {
    "id": "university-of-zaragoza",
    "name": "University of Zaragoza",
    "country": "spain",
    "countryDisplay": "Spain",
    "city": "Zaragoza",
    "studyLevels": "",
    "type": "",
    "popularity": "",
    "whySelected": "",
    "costBand": "",
    "visaRiskNotes": "Smaller city does not reduce documentation demands, therefore keep financial and academic evidence strong.",
    "operationalConfidence": "Use_with_Caution",
    "sourceUrl": "https://www.unizar.es/",
    "lastChecked": 46071,
    "confidence": "Low"
  },
  {
    "id": "university-of-the-basque-country",
    "name": "University of the Basque Country",
    "country": "spain",
    "countryDisplay": "Spain",
    "city": "Bilbao",
    "studyLevels": "",
    "type": "",
    "popularity": "",
    "whySelected": "",
    "costBand": "",
    "visaRiskNotes": "Basque region programs may mix languages, therefore confirm English delivery and assessment language before applying.",
    "operationalConfidence": "Use_with_Caution",
    "sourceUrl": "https://www.ehu.eus/en/",
    "lastChecked": 46071,
    "confidence": "Low"
  },
  {
    "id": "university-of-deusto",
    "name": "University of Deusto",
    "country": "spain",
    "countryDisplay": "Spain",
    "city": "Bilbao",
    "studyLevels": "",
    "type": "",
    "popularity": "",
    "whySelected": "",
    "costBand": "",
    "visaRiskNotes": "Private tuition can increase financial scrutiny, therefore show clear funding and ROI rationale without exaggeration.",
    "operationalConfidence": "Use_with_Caution",
    "sourceUrl": "https://www.deusto.es/en/home",
    "lastChecked": 46071,
    "confidence": "Medium"
  },
  {
    "id": "university-of-navarra",
    "name": "University of Navarra",
    "country": "spain",
    "countryDisplay": "Spain",
    "city": "Pamplona",
    "studyLevels": "",
    "type": "",
    "popularity": "",
    "whySelected": "",
    "costBand": "",
    "visaRiskNotes": "Premium private programs require stronger funding proof, therefore avoid loan heavy profiles without strong co funding evidence.",
    "operationalConfidence": "Safe",
    "sourceUrl": "https://en.unav.edu/",
    "lastChecked": 46071,
    "confidence": "Medium"
  },
  {
    "id": "ie-university",
    "name": "IE University",
    "country": "spain",
    "countryDisplay": "Spain",
    "city": "Segovia",
    "studyLevels": "",
    "type": "",
    "popularity": "",
    "whySelected": "",
    "costBand": "",
    "visaRiskNotes": "High tuition and living costs can trigger strict financial review, therefore documentation must be complete and consistent.",
    "operationalConfidence": "Use_with_Caution",
    "sourceUrl": "https://www.ie.edu/university/",
    "lastChecked": 46071,
    "confidence": "High"
  },
  {
    "id": "ramon-llull-university",
    "name": "Ramon Llull University",
    "country": "spain",
    "countryDisplay": "Spain",
    "city": "Barcelona",
    "studyLevels": "",
    "type": "",
    "popularity": "",
    "whySelected": "",
    "costBand": "",
    "visaRiskNotes": "This is a university level umbrella that includes schools with varying language and selectivity, therefore confirm the specific school and program language.",
    "operationalConfidence": "Use_with_Caution",
    "sourceUrl": "https://www.url.edu/en",
    "lastChecked": 46071,
    "confidence": "Medium"
  },
  {
    "id": "esade-ramon-llull-university",
    "name": "ESADE Ramon Llull University",
    "country": "spain",
    "countryDisplay": "Spain",
    "city": "Barcelona",
    "studyLevels": "",
    "type": "",
    "popularity": "",
    "whySelected": "",
    "costBand": "",
    "visaRiskNotes": "Very high cost means strong funding evidence is essential, therefore weak finances can raise visa risk.",
    "operationalConfidence": "Use_with_Caution",
    "sourceUrl": "https://www.esade.edu/en",
    "lastChecked": 46071,
    "confidence": "Medium"
  },
  {
    "id": "esade-business-school",
    "name": "ESADE Business School",
    "country": "spain",
    "countryDisplay": "Spain",
    "city": "Barcelona",
    "studyLevels": "",
    "type": "",
    "popularity": "",
    "whySelected": "",
    "costBand": "",
    "visaRiskNotes": "Premium fee programs face higher scrutiny for genuine student intent, therefore keep documentation strong and credible.",
    "operationalConfidence": "Use_with_Caution",
    "sourceUrl": "https://www.esade.edu/en",
    "lastChecked": 46071,
    "confidence": "Medium"
  },
  {
    "id": "eada-business-school-barcelona",
    "name": "EADA Business School Barcelona",
    "country": "spain",
    "countryDisplay": "Spain",
    "city": "Barcelona",
    "studyLevels": "",
    "type": "",
    "popularity": "",
    "whySelected": "",
    "costBand": "",
    "visaRiskNotes": "Smaller private schools can attract extra scrutiny if the profile looks migration driven, therefore ensure academic fit and funding clarity.",
    "operationalConfidence": "Use_with_Caution",
    "sourceUrl": "https://www.eada.edu/en",
    "lastChecked": 46071,
    "confidence": "Medium"
  },
  {
    "id": "university-of-salamanca",
    "name": "University of Salamanca",
    "country": "spain",
    "countryDisplay": "Spain",
    "city": "Salamanca",
    "studyLevels": "",
    "type": "",
    "popularity": "",
    "whySelected": "",
    "costBand": "",
    "visaRiskNotes": "Many programs are Spanish taught, therefore only select confirmed English tracks to avoid language issues.",
    "operationalConfidence": "Use_with_Caution",
    "sourceUrl": "https://www.usal.es/en",
    "lastChecked": 46071,
    "confidence": "Low"
  },
  {
    "id": "university-of-alicante",
    "name": "University of Alicante",
    "country": "spain",
    "countryDisplay": "Spain",
    "city": "Alicante",
    "studyLevels": "",
    "type": "",
    "popularity": "",
    "whySelected": "",
    "costBand": "",
    "visaRiskNotes": "English track availability can be limited by department, therefore confirm the program language and assessment rules.",
    "operationalConfidence": "Use_with_Caution",
    "sourceUrl": "https://www.ua.es/en/",
    "lastChecked": 46071,
    "confidence": "Low"
  },
  {
    "id": "university-of-murcia",
    "name": "University of Murcia",
    "country": "spain",
    "countryDisplay": "Spain",
    "city": "Murcia",
    "studyLevels": "",
    "type": "",
    "popularity": "",
    "whySelected": "",
    "costBand": "",
    "visaRiskNotes": "For mixed language degrees, visa officers may question language preparedness, therefore ensure IELTS and program language proof.",
    "operationalConfidence": "Use_with_Caution",
    "sourceUrl": "https://www.um.es/web/universidad-en/",
    "lastChecked": 46071,
    "confidence": "Low"
  },
  {
    "id": "university-of-alcal",
    "name": "University of Alcalá",
    "country": "spain",
    "countryDisplay": "Spain",
    "city": "Alcalá de Henares",
    "studyLevels": "",
    "type": "",
    "popularity": "",
    "whySelected": "",
    "costBand": "",
    "visaRiskNotes": "Mixed language delivery needs careful confirmation, therefore avoid assumptions based on faculty reputation alone.",
    "operationalConfidence": "Use_with_Caution",
    "sourceUrl": "https://www.uah.es/en/",
    "lastChecked": 46071,
    "confidence": "Low"
  },
  {
    "id": "universidad-europea-de-madrid",
    "name": "Universidad Europea de Madrid",
    "country": "spain",
    "countryDisplay": "Spain",
    "city": "Madrid",
    "studyLevels": "",
    "type": "",
    "popularity": "",
    "whySelected": "",
    "costBand": "",
    "visaRiskNotes": "Private institutions with broad admissions can face higher scrutiny, therefore weak academics and unclear intent can raise refusal risk.",
    "operationalConfidence": "Do_Not_Recommend",
    "sourceUrl": "https://universidadeuropea.com/en/",
    "lastChecked": 46071,
    "confidence": "Low"
  }
]