[
  {
    "id": "kth-royal-institute-of-technology",
    "name": "KTH Royal Institute of Technology",
    "country": "sweden",
    "countryDisplay": "Sweden",
    "city": "Stockholm",
    "studyLevels": "",
    "type": "",
    "popularity": "",
    "whySelected": "",
    "costBand": "",
    "visaRiskNotes": "Funding proof is assessed against national maintenance requirements and documentation gaps increase scrutiny.",
    "operationalConfidence": "Safe",
    "sourceUrl": "https://www.kth.se/en",
    "lastChecked": 46071,
    "confidence": "Medium"
  },
  {
    "id": "chalmers-university-of-technology",
    "name": "Chalmers University of Technology",
    "country": "sweden",
    "countryDisplay": "Sweden",
    "city": "Gothenburg",
    "studyLevels": "",
    "type": "",
    "popularity": "",
    "whySelected": "",
    "costBand": "",
    "visaRiskNotes": "Strong documentation of funds and academic progression is required.",
    "operationalConfidence": "Safe",
    "sourceUrl": "https://www.chalmers.se/en",
    "lastChecked": 46071,
    "confidence": "Medium"
  },
  {
    "id": "lund-university",
    "name": "Lund University",
    "country": "sweden",
    "countryDisplay": "Sweden",
    "city": "Lund",
    "studyLevels": "",
    "type": "",
    "popularity": "",
    "whySelected": "",
    "costBand": "",
    "visaRiskNotes": "Financial evidence and programme coherence are reviewed carefully.",
    "operationalConfidence": "Safe",
    "sourceUrl": "https://www.lunduniversity.lu.se",
    "lastChecked": 46071,
    "confidence": "Medium"
  },
  {
    "id": "uppsala-university",
    "name": "Uppsala University",
    "country": "sweden",
    "countryDisplay": "Sweden",
    "city": "Uppsala",
    "studyLevels": "",
    "type": "",
    "popularity": "",
    "whySelected": "",
    "costBand": "",
    "visaRiskNotes": "Residence permit decisions are evidence based with scrutiny on finances and intent.",
    "operationalConfidence": "Safe",
    "sourceUrl": "https://www.uu.se/en",
    "lastChecked": 46071,
    "confidence": "Medium"
  },
  {
    "id": "stockholm-university",
    "name": "Stockholm University",
    "country": "sweden",
    "countryDisplay": "Sweden",
    "city": "Stockholm",
    "studyLevels": "",
    "type": "",
    "popularity": "",
    "whySelected": "",
    "costBand": "",
    "visaRiskNotes": "Higher living costs increase financial burden and scrutiny.",
    "operationalConfidence": "Safe",
    "sourceUrl": "https://www.su.se/english",
    "lastChecked": 46071,
    "confidence": "Medium"
  },
  {
    "id": "university-of-gothenburg",
    "name": "University of Gothenburg",
    "country": "sweden",
    "countryDisplay": "Sweden",
    "city": "Gothenburg",
    "studyLevels": "",
    "type": "",
    "popularity": "",
    "whySelected": "",
    "costBand": "",
    "visaRiskNotes": "Funding sufficiency and study intent are assessed conservatively.",
    "operationalConfidence": "Safe",
    "sourceUrl": "https://www.gu.se/en",
    "lastChecked": 46071,
    "confidence": "Medium"
  },
  {
    "id": "linkping-university",
    "name": "Linköping University",
    "country": "sweden",
    "countryDisplay": "Sweden",
    "city": "Linköping",
    "studyLevels": "",
    "type": "",
    "popularity": "",
    "whySelected": "",
    "costBand": "",
    "visaRiskNotes": "Permit extensions require continued financial proof.",
    "operationalConfidence": "Safe",
    "sourceUrl": "https://liu.se/en",
    "lastChecked": 46071,
    "confidence": "Medium"
  },
  {
    "id": "ume-university",
    "name": "Umeå University",
    "country": "sweden",
    "countryDisplay": "Sweden",
    "city": "Umeå",
    "studyLevels": "",
    "type": "",
    "popularity": "",
    "whySelected": "",
    "costBand": "",
    "visaRiskNotes": "Standard scrutiny applies regardless of city size.",
    "operationalConfidence": "Safe",
    "sourceUrl": "https://www.umu.se/en",
    "lastChecked": 46071,
    "confidence": "Medium"
  },
  {
    "id": "karolinska-institutet",
    "name": "Karolinska Institutet",
    "country": "sweden",
    "countryDisplay": "Sweden",
    "city": "Stockholm",
    "studyLevels": "",
    "type": "",
    "popularity": "",
    "whySelected": "",
    "costBand": "",
    "visaRiskNotes": "Competitive admissions and strong financial documentation required.",
    "operationalConfidence": "Safe",
    "sourceUrl": "https://ki.se/en",
    "lastChecked": 46071,
    "confidence": "Medium"
  },
  {
    "id": "stockholm-school-of-economics",
    "name": "Stockholm School of Economics",
    "country": "sweden",
    "countryDisplay": "Sweden",
    "city": "Stockholm",
    "studyLevels": "",
    "type": "",
    "popularity": "",
    "whySelected": "",
    "costBand": "",
    "visaRiskNotes": "Private status does not reduce permit scrutiny and funding proof is critical.",
    "operationalConfidence": "Safe",
    "sourceUrl": "https://ww",
    "lastChecked": "",
    "confidence": ""
  }
]