[
  {
    "id": "anglia-ruskin-university",
    "name": "Anglia Ruskin University",
    "country": "uk",
    "countryDisplay": "UK",
    "city": "Cambridge",
    "studyLevels": "UG + PG",
    "type": "Public",
    "popularity": "High",
    "whySelected": "Very common Indian choice due to broad intake and predictable admissions process.",
    "costBand": "Mid",
    "visaRiskNotes": "High volume perception can increase scrutiny for weak profiles.",
    "operationalConfidence": "Use with caution",
    "sourceUrl": "https://www.aru.ac.uk/",
    "lastChecked": 46062,
    "confidence": "Medium"
  },
  {
    "id": "arden-university",
    "name": "Arden University",
    "country": "uk",
    "countryDisplay": "UK",
    "city": "Coventry",
    "studyLevels": "UG + PG",
    "type": "Private",
    "popularity": "Medium",
    "whySelected": "Considered by budget driven students due to flexible delivery and visibility, but it is a private provider.",
    "costBand": "Mid",
    "visaRiskNotes": "Private provider can increase scrutiny. Only surface if student explicitly accepts higher visa and outcome risk.",
    "operationalConfidence": "Do not recommend",
    "sourceUrl": "https://arden.ac.uk/",
    "lastChecked": 46062,
    "confidence": "Medium"
  },
  {
    "id": "birmingham-city-university",
    "name": "Birmingham City University",
    "country": "uk",
    "countryDisplay": "UK",
    "city": "Birmingham",
    "studyLevels": "UG + PG",
    "type": "Public",
    "popularity": "High",
    "whySelected": "High volume international intake and commonly chosen as a practical option.",
    "costBand": "Mid",
    "visaRiskNotes": "High volume perception can increase scrutiny for weak academics or gaps.",
    "operationalConfidence": "Use with caution",
    "sourceUrl": "https://www.bcu.ac.uk/",
    "lastChecked": 46062,
    "confidence": "Medium"
  },
  {
    "id": "bournemouth-university",
    "name": "Bournemouth University",
    "country": "uk",
    "countryDisplay": "UK",
    "city": "Bournemouth",
    "studyLevels": "UG + PG",
    "type": "Public",
    "popularity": "Medium",
    "whySelected": "Frequently asked option with established international admissions and a clear process.",
    "costBand": "Higher",
    "visaRiskNotes": "Living costs can be high for budget cases, so funding stress risk exists.",
    "operationalConfidence": "Use with caution",
    "sourceUrl": "https://www.bournemouth.ac.uk/",
    "lastChecked": 46062,
    "confidence": "Medium"
  },
  {
    "id": "bpp-university",
    "name": "BPP University",
    "country": "uk",
    "countryDisplay": "UK",
    "city": "London",
    "studyLevels": "UG + PG",
    "type": "Private",
    "popularity": "Medium",
    "whySelected": "Indians ask due to brand visibility in professional education, but it is a high risk private option.",
    "costBand": "Higher",
    "visaRiskNotes": "Private provider plus London cost pressure increases scrutiny. Only surface if student explicitly accepts higher risk.",
    "operationalConfidence": "Do not recommend",
    "sourceUrl": "https://www.bpp.com/",
    "lastChecked": 46062,
    "confidence": "Medium"
  },
  {
    "id": "brunel-university-london",
    "name": "Brunel University London",
    "country": "uk",
    "countryDisplay": "UK",
    "city": "London",
    "studyLevels": "UG + PG",
    "type": "Public",
    "popularity": "High",
    "whySelected": "Common Indian shortlist for a credible public London option with consistent international intake.",
    "costBand": "Higher",
    "visaRiskNotes": "London cost pressure plus moderate selectivity increases risk for average and budget cases.",
    "operationalConfidence": "Use with caution",
    "sourceUrl": "https://www.brunel.ac.uk/",
    "lastChecked": 46062,
    "confidence": "Medium"
  },
  {
    "id": "cardiff-university",
    "name": "Cardiff University",
    "country": "uk",
    "countryDisplay": "UK",
    "city": "Cardiff",
    "studyLevels": "UG + PG",
    "type": "Public",
    "popularity": "Medium",
    "whySelected": "Russell Group Wales option that Indians commonly ask about as a credible non London choice.",
    "costBand": "Mid",
    "visaRiskNotes": "Competitive compared with budget universities, so weak profiles face rejection risk.",
    "operationalConfidence": "Use with caution",
    "sourceUrl": "https://www.cardiff.ac.uk/",
    "lastChecked": 46062,
    "confidence": "Medium"
  },
  {
    "id": "city-university-of-london",
    "name": "City, University of London",
    "country": "uk",
    "countryDisplay": "UK",
    "city": "London",
    "studyLevels": "UG + PG",
    "type": "Public",
    "popularity": "Medium",
    "whySelected": "Asked about for London access with a public university profile, but not a mass intake option.",
    "costBand": "Higher",
    "visaRiskNotes": "London cost pressure is the main practical risk.",
    "operationalConfidence": "Use with caution",
    "sourceUrl": "https://www.city.ac.uk/",
    "lastChecked": 46062,
    "confidence": "Medium"
  },
  {
    "id": "coventry-university",
    "name": "Coventry University",
    "country": "uk",
    "countryDisplay": "UK",
    "city": "Coventry",
    "studyLevels": "UG + PG",
    "type": "Public",
    "popularity": "High",
    "whySelected": "Very common Indian choice because of high volume international admissions and flexible intake patterns.",
    "costBand": "Mid",
    "visaRiskNotes": "Visa defensible for clean profiles, but weak academics or vague intent can be scrutinized.",
    "operationalConfidence": "Use with caution",
    "sourceUrl": "https://www.coventry.ac.uk/",
    "lastChecked": 46062,
    "confidence": "Medium"
  },
  {
    "id": "cranfield-university",
    "name": "Cranfield University",
    "country": "uk",
    "countryDisplay": "UK",
    "city": "Cranfield",
    "studyLevels": "PG only",
    "type": "Public",
    "popularity": "Medium",
    "whySelected": "Included because Indians ask about it for specialist postgraduate focus and credibility.",
    "costBand": "Higher",
    "visaRiskNotes": "Selective and cost heavy, therefore not suitable for weak academics or thin finances.",
    "operationalConfidence": "Use with caution",
    "sourceUrl": "https://www.cranfield.ac.uk/",
    "lastChecked": 46062,
    "confidence": "Medium"
  },
  {
    "id": "de-montfort-university",
    "name": "De Montfort University",
    "country": "uk",
    "countryDisplay": "UK",
    "city": "Leicester",
    "studyLevels": "UG + PG",
    "type": "Public",
    "popularity": "High",
    "whySelected": "Common Indian choice due to predictable admissions and a large international student base.",
    "costBand": "Budget",
    "visaRiskNotes": "Not ideal for borderline profiles with gaps or weak academics because credibility checks can increase.",
    "operationalConfidence": "Use with caution",
    "sourceUrl": "https://www.dmu.ac.uk/",
    "lastChecked": 46062,
    "confidence": "Medium"
  },
  {
    "id": "durham-university",
    "name": "Durham University",
    "country": "uk",
    "countryDisplay": "UK",
    "city": "Durham",
    "studyLevels": "UG + PG",
    "type": "Public",
    "popularity": "Low",
    "whySelected": "Selective reference option that is frequently asked about by parents.",
    "costBand": "Higher",
    "visaRiskNotes": "Highly selective, therefore not realistic for average profiles.",
    "operationalConfidence": "Use with caution",
    "sourceUrl": "https://www.durham.ac.uk/",
    "lastChecked": 46062,
    "confidence": "Medium"
  },
  {
    "id": "heriot-watt-university",
    "name": "Heriot-Watt University",
    "country": "uk",
    "countryDisplay": "UK",
    "city": "Edinburgh",
    "studyLevels": "UG + PG",
    "type": "Public",
    "popularity": "Medium",
    "whySelected": "Regularly shortlisted as a Scotland option, especially for cost versus London tradeoffs.",
    "costBand": "Higher",
    "visaRiskNotes": "Edinburgh cost pressure can strain budgets, therefore under funded cases are risky.",
    "operationalConfidence": "Use with caution",
    "sourceUrl": "https://www.hw.ac.uk/",
    "lastChecked": 46062,
    "confidence": "Medium"
  },
  {
    "id": "hult-international-business-school",
    "name": "Hult International Business School",
    "country": "uk",
    "countryDisplay": "UK",
    "city": "London",
    "studyLevels": "UG + PG",
    "type": "Private",
    "popularity": "Low",
    "whySelected": "Known to some applicants due to global branding, but it is not a mainstream Indian choice for visa safe planning.",
    "costBand": "Higher",
    "visaRiskNotes": "Private and expensive. High scrutiny risk for average profiles and budget cases.",
    "operationalConfidence": "Do not recommend",
    "sourceUrl": "https://www.hult.edu/",
    "lastChecked": 46062,
    "confidence": "Medium"
  },
  {
    "id": "imperial-college-london",
    "name": "Imperial College London",
    "country": "uk",
    "countryDisplay": "UK",
    "city": "London",
    "studyLevels": "UG + PG",
    "type": "Public",
    "popularity": "Low",
    "whySelected": "Strategic credibility option that Indians ask about, mainly for top academic profiles.",
    "costBand": "Higher",
    "visaRiskNotes": "Very selective and London cost pressure increases financial risk.",
    "operationalConfidence": "Do not recommend",
    "sourceUrl": "https://www.imperial.ac.uk/",
    "lastChecked": 46062,
    "confidence": "Medium"
  },
  {
    "id": "kings-college-london",
    "name": "King’s College London",
    "country": "uk",
    "countryDisplay": "UK",
    "city": "London",
    "studyLevels": "UG + PG",
    "type": "Public",
    "popularity": "Medium",
    "whySelected": "High awareness in India and often shortlisted for London with credibility goals.",
    "costBand": "Higher",
    "visaRiskNotes": "Selective and London costs raise refusal risk for under funded profiles.",
    "operationalConfidence": "Use with caution",
    "sourceUrl": "https://www.kcl.ac.uk/",
    "lastChecked": 46062,
    "confidence": "Medium"
  },
  {
    "id": "london-school-of-economics-and-political-science",
    "name": "London School of Economics and Political Science",
    "country": "uk",
    "countryDisplay": "UK",
    "city": "London",
    "studyLevels": "UG + PG",
    "type": "Public",
    "popularity": "Low",
    "whySelected": "Included because it is frequently asked about, but it is not a mass option for typical applicants.",
    "costBand": "Higher",
    "visaRiskNotes": "Highly selective and London costs add financial risk.",
    "operationalConfidence": "Do not recommend",
    "sourceUrl": "https://www.lse.ac.uk/",
    "lastChecked": 46062,
    "confidence": "Medium"
  },
  {
    "id": "middlesex-university",
    "name": "Middlesex University",
    "country": "uk",
    "countryDisplay": "UK",
    "city": "London",
    "studyLevels": "UG + PG",
    "type": "Public",
    "popularity": "High",
    "whySelected": "Very common Indian choice because it is London based and has long standing international admissions scale.",
    "costBand": "Higher",
    "visaRiskNotes": "London costs plus high volume perception can increase scrutiny for weak profiles.",
    "operationalConfidence": "Use with caution",
    "sourceUrl": "https://www.mdx.ac.uk/",
    "lastChecked": 46062,
    "confidence": "Medium"
  },
  {
    "id": "newcastle-university",
    "name": "Newcastle University",
    "country": "uk",
    "countryDisplay": "UK",
    "city": "Newcastle upon Tyne",
    "studyLevels": "UG + PG",
    "type": "Public",
    "popularity": "Medium",
    "whySelected": "Credible Russell Group choice with steady Indian interest and international admissions history.",
    "costBand": "Mid",
    "visaRiskNotes": "More selective than high volume universities, so weaker profiles need caution.",
    "operationalConfidence": "Use with caution",
    "sourceUrl": "https://www.ncl.ac.uk/",
    "lastChecked": 46062,
    "confidence": "Medium"
  },
  {
    "id": "northumbria-university",
    "name": "Northumbria University",
    "country": "uk",
    "countryDisplay": "UK",
    "city": "Newcastle upon Tyne",
    "studyLevels": "UG + PG",
    "type": "Public",
    "popularity": "High",
    "whySelected": "High Indian visibility and long standing international admissions capacity.",
    "costBand": "Budget",
    "visaRiskNotes": "Generally workable for average profiles if documentation and intent are consistent.",
    "operationalConfidence": "Safe",
    "sourceUrl": "https://www.northumbria.ac.uk/",
    "lastChecked": 46062,
    "confidence": "Medium"
  },
  {
    "id": "nottingham-trent-university",
    "name": "Nottingham Trent University",
    "country": "uk",
    "countryDisplay": "UK",
    "city": "Nottingham",
    "studyLevels": "UG + PG",
    "type": "Public",
    "popularity": "High",
    "whySelected": "Popular with Indians due to broad admissions pipeline and established international support.",
    "costBand": "Mid",
    "visaRiskNotes": "Generally workable, but weak profiles can face credibility scrutiny.",
    "operationalConfidence": "Safe",
    "sourceUrl": "https://www.ntu.ac.uk/",
    "lastChecked": 46062,
    "confidence": "Medium"
  },
  {
    "id": "oxford-brookes-university",
    "name": "Oxford Brookes University",
    "country": "uk",
    "countryDisplay": "UK",
    "city": "Oxford",
    "studyLevels": "UG + PG",
    "type": "Public",
    "popularity": "Medium",
    "whySelected": "Popular practical option for students attracted to Oxford city but not targeting Oxford University.",
    "costBand": "Higher",
    "visaRiskNotes": "City costs are high and weak profiles can face credibility checks.",
    "operationalConfidence": "Use with caution",
    "sourceUrl": "https://www.brookes.ac.uk/",
    "lastChecked": 46062,
    "confidence": "Medium"
  },
  {
    "id": "queen-mary-university-of-london",
    "name": "Queen Mary University of London",
    "country": "uk",
    "countryDisplay": "UK",
    "city": "London",
    "studyLevels": "UG + PG",
    "type": "Public",
    "popularity": "Medium",
    "whySelected": "Common London public option with steady Indian interest and established international intake.",
    "costBand": "Higher",
    "visaRiskNotes": "London cost pressure is a practical visa risk for budget profiles.",
    "operationalConfidence": "Use with caution",
    "sourceUrl": "https://www.qmul.ac.uk/",
    "lastChecked": 46062,
    "confidence": "Medium"
  },
  {
    "id": "queens-university-belfast",
    "name": "Queen’s University Belfast",
    "country": "uk",
    "countryDisplay": "UK",
    "city": "Belfast",
    "studyLevels": "UG + PG",
    "type": "Public",
    "popularity": "Medium",
    "whySelected": "Often chosen as a lower cost UK option with credible public status and international intake.",
    "costBand": "Budget",
    "visaRiskNotes": "Generally visa defensible for consistent profiles, but weak academics still raise credibility issues.",
    "operationalConfidence": "Safe",
    "sourceUrl": "https://www.qub.ac.uk/",
    "lastChecked": 46062,
    "confidence": "Medium"
  },
  {
    "id": "sheffield-hallam-university",
    "name": "Sheffield Hallam University",
    "country": "uk",
    "countryDisplay": "UK",
    "city": "Sheffield",
    "studyLevels": "UG + PG",
    "type": "Public",
    "popularity": "Medium",
    "whySelected": "Often chosen for lower living costs and established international intake.",
    "costBand": "Budget",
    "visaRiskNotes": "Lower selectivity perception can increase scrutiny for weak profiles.",
    "operationalConfidence": "Use with caution",
    "sourceUrl": "https://www.shu.ac.uk/",
    "lastChecked": 46062,
    "confidence": "Medium"
  },
  {
    "id": "teesside-university",
    "name": "Teesside University",
    "country": "uk",
    "countryDisplay": "UK",
    "city": "Middlesbrough",
    "studyLevels": "UG + PG",
    "type": "Public",
    "popularity": "Medium",
    "whySelected": "Common budget choice because living costs are lower and international intake is established.",
    "costBand": "Budget",
    "visaRiskNotes": "Weak academics or unclear intent can be scrutinized more heavily.",
    "operationalConfidence": "Use with caution",
    "sourceUrl": "https://www.tees.ac.uk/",
    "lastChecked": 46062,
    "confidence": "Medium"
  },
  {
    "id": "the-university-of-law",
    "name": "The University of Law",
    "country": "uk",
    "countryDisplay": "UK",
    "city": "London",
    "studyLevels": "UG + PG",
    "type": "Private",
    "popularity": "Medium",
    "whySelected": "Frequently asked by families for professional education, but it is a private provider.",
    "costBand": "Higher",
    "visaRiskNotes": "Private provider and London costs can increase scrutiny. Surface only for risk accepting students.",
    "operationalConfidence": "Do not recommend",
    "sourceUrl": "https://www.law.ac.uk/",
    "lastChecked": 46062,
    "confidence": "Medium"
  },
  {
    "id": "university-college-london",
    "name": "University College London",
    "country": "uk",
    "countryDisplay": "UK",
    "city": "London",
    "studyLevels": "UG + PG",
    "type": "Public",
    "popularity": "Medium",
    "whySelected": "Commonly shortlisted for London plus credibility, especially by strong profiles.",
    "costBand": "Higher",
    "visaRiskNotes": "Selective and London costs are high, so average and budget constrained cases face pressure.",
    "operationalConfidence": "Use with caution",
    "sourceUrl": "https://www.ucl.ac.uk/",
    "lastChecked": 46062,
    "confidence": "Medium"
  },
  {
    "id": "university-of-bedfordshire",
    "name": "University of Bedfordshire",
    "country": "uk",
    "countryDisplay": "UK",
    "city": "Luton",
    "studyLevels": "UG + PG",
    "type": "Public",
    "popularity": "Medium",
    "whySelected": "Budget driven choice due to proximity to London and broad intake.",
    "costBand": "Mid",
    "visaRiskNotes": "Higher scrutiny risk for borderline profiles because perception issues can apply.",
    "operationalConfidence": "Use with caution",
    "sourceUrl": "https://www.beds.ac.uk/",
    "lastChecked": 46062,
    "confidence": "Medium"
  },
  {
    "id": "university-of-birmingham",
    "name": "University of Birmingham",
    "country": "uk",
    "countryDisplay": "UK",
    "city": "Birmingham",
    "studyLevels": "UG + PG",
    "type": "Public",
    "popularity": "Medium",
    "whySelected": "Russell Group credibility option that is frequently shortlisted by Indian applicants.",
    "costBand": "Mid",
    "visaRiskNotes": "More selective than high volume universities, so weaker profiles need caution.",
    "operationalConfidence": "Use with caution",
    "sourceUrl": "https://www.birmingham.ac.uk/",
    "lastChecked": 46062,
    "confidence": "Medium"
  },
  {
    "id": "university-of-bristol",
    "name": "University of Bristol",
    "country": "uk",
    "countryDisplay": "UK",
    "city": "Bristol",
    "studyLevels": "UG + PG",
    "type": "Public",
    "popularity": "Medium",
    "whySelected": "Considered by strong profiles for credibility, but not a budget driven mass choice.",
    "costBand": "Higher",
    "visaRiskNotes": "Selective and cost pressure is material in Bristol for budget cases.",
    "operationalConfidence": "Use with caution",
    "sourceUrl": "https://www.bristol.ac.uk/",
    "lastChecked": 46062,
    "confidence": "Medium"
  },
  {
    "id": "university-of-cambridge",
    "name": "University of Cambridge",
    "country": "uk",
    "countryDisplay": "UK",
    "city": "Cambridge",
    "studyLevels": "UG + PG",
    "type": "Public",
    "popularity": "Low",
    "whySelected": "Included as a reference because families ask, but not a realistic target for most applicants.",
    "costBand": "Higher",
    "visaRiskNotes": "Extremely selective, therefore not suitable for average profiles.",
    "operationalConfidence": "Do not recommend",
    "sourceUrl": "https://www.cam.ac.uk/",
    "lastChecked": 46062,
    "confidence": "Medium"
  },
  {
    "id": "university-of-edinburgh",
    "name": "University of Edinburgh",
    "country": "uk",
    "countryDisplay": "UK",
    "city": "Edinburgh",
    "studyLevels": "UG + PG",
    "type": "Public",
    "popularity": "Medium",
    "whySelected": "Frequently asked Scotland option for credibility and international track record.",
    "costBand": "Higher",
    "visaRiskNotes": "Expensive city and competitive admissions increase risk for average profiles.",
    "operationalConfidence": "Use with caution",
    "sourceUrl": "https://www.ed.ac.uk/",
    "lastChecked": 46062,
    "confidence": "Medium"
  },
  {
    "id": "university-of-essex",
    "name": "University of Essex",
    "country": "uk",
    "countryDisplay": "UK",
    "city": "Colchester",
    "studyLevels": "UG + PG",
    "type": "Public",
    "popularity": "Medium",
    "whySelected": "Regular Indian interest and established international admissions processes.",
    "costBand": "Mid",
    "visaRiskNotes": "Visa defensible for coherent profiles, but weak intent or finances raise risk.",
    "operationalConfidence": "Safe",
    "sourceUrl": "https://www.essex.ac.uk/",
    "lastChecked": 46062,
    "confidence": "Medium"
  },
  {
    "id": "university-of-exeter",
    "name": "University of Exeter",
    "country": "uk",
    "countryDisplay": "UK",
    "city": "Exeter",
    "studyLevels": "UG + PG",
    "type": "Public",
    "popularity": "Low",
    "whySelected": "Selective reference option Indians ask about for credibility, but not a mass choice.",
    "costBand": "Higher",
    "visaRiskNotes": "Selective and not budget friendly, so avoid for average profiles.",
    "operationalConfidence": "Use with caution",
    "sourceUrl": "https://www.exeter.ac.uk/",
    "lastChecked": 46062,
    "confidence": "Medium"
  },
  {
    "id": "university-of-glasgow",
    "name": "University of Glasgow",
    "country": "uk",
    "countryDisplay": "UK",
    "city": "Glasgow",
    "studyLevels": "UG + PG",
    "type": "Public",
    "popularity": "Medium",
    "whySelected": "Common Scotland shortlist option with established international admissions.",
    "costBand": "Mid",
    "visaRiskNotes": "Competitive relative to budget universities, so weak academics may not convert.",
    "operationalConfidence": "Use with caution",
    "sourceUrl": "https://www.gla.ac.uk/",
    "lastChecked": 46062,
    "confidence": "Medium"
  },
  {
    "id": "university-of-greenwich",
    "name": "University of Greenwich",
    "country": "uk",
    "countryDisplay": "UK",
    "city": "London",
    "studyLevels": "UG + PG",
    "type": "Public",
    "popularity": "High",
    "whySelected": "High Indian interest because it is London based with established international admissions.",
    "costBand": "Higher",
    "visaRiskNotes": "London costs can make funding fragile for budget cases.",
    "operationalConfidence": "Use with caution",
    "sourceUrl": "https://www.gre.ac.uk/",
    "lastChecked": 46062,
    "confidence": "Medium"
  },
  {
    "id": "university-of-hertfordshire",
    "name": "University of Hertfordshire",
    "country": "uk",
    "countryDisplay": "UK",
    "city": "Hatfield",
    "studyLevels": "UG + PG",
    "type": "Public",
    "popularity": "High",
    "whySelected": "Popular because it is near London with comparatively manageable living costs and established intake history.",
    "costBand": "Mid",
    "visaRiskNotes": "Generally visa defensible for coherent profiles and clean documentation.",
    "operationalConfidence": "Safe",
    "sourceUrl": "https://www.herts.ac.uk/",
    "lastChecked": 46062,
    "confidence": "Medium"
  },
  {
    "id": "university-of-kent",
    "name": "University of Kent",
    "country": "uk",
    "countryDisplay": "UK",
    "city": "Canterbury",
    "studyLevels": "UG + PG",
    "type": "Public",
    "popularity": "Medium",
    "whySelected": "Considered as a practical southern public option with steady international intake.",
    "costBand": "Mid",
    "visaRiskNotes": "Generally workable, but weak profiles need a coherent study rationale.",
    "operationalConfidence": "Use with caution",
    "sourceUrl": "https://www.kent.ac.uk/",
    "lastChecked": 46062,
    "confidence": "Medium"
  },
  {
    "id": "university-of-leeds",
    "name": "University of Leeds",
    "country": "uk",
    "countryDisplay": "UK",
    "city": "Leeds",
    "studyLevels": "UG + PG",
    "type": "Public",
    "popularity": "Medium",
    "whySelected": "Widely recognized non London credibility option with steady Indian interest.",
    "costBand": "Mid",
    "visaRiskNotes": "Competitive admissions for some intakes, so weak academics increase rejection risk.",
    "operationalConfidence": "Use with caution",
    "sourceUrl": "https://www.leeds.ac.uk/",
    "lastChecked": 46062,
    "confidence": "Medium"
  },
  {
    "id": "university-of-leicester",
    "name": "University of Leicester",
    "country": "uk",
    "countryDisplay": "UK",
    "city": "Leicester",
    "studyLevels": "UG + PG",
    "type": "Public",
    "popularity": "Medium",
    "whySelected": "Commonly considered as a credible, more affordable city option with international intake history.",
    "costBand": "Budget",
    "visaRiskNotes": "Generally visa defensible for consistent profiles and clean documentation.",
    "operationalConfidence": "Safe",
    "sourceUrl": "https://le.ac.uk/",
    "lastChecked": 46062,
    "confidence": "Medium"
  },
  {
    "id": "university-of-lincoln",
    "name": "University of Lincoln",
    "country": "uk",
    "countryDisplay": "UK",
    "city": "Lincoln",
    "studyLevels": "UG + PG",
    "type": "Public",
    "popularity": "Medium",
    "whySelected": "Considered as a budget oriented public option with international admissions experience.",
    "costBand": "Budget",
    "visaRiskNotes": "Lower demand universities can face higher credibility scrutiny for weak profiles.",
    "operationalConfidence": "Use with caution",
    "sourceUrl": "https://www.lincoln.ac.uk/",
    "lastChecked": 46062,
    "confidence": "Medium"
  },
  {
    "id": "university-of-liverpool",
    "name": "University of Liverpool",
    "country": "uk",
    "countryDisplay": "UK",
    "city": "Liverpool",
    "studyLevels": "UG + PG",
    "type": "Public",
    "popularity": "Medium",
    "whySelected": "Recognized public university and common Indian consideration with established international intake.",
    "costBand": "Mid",
    "visaRiskNotes": "Generally visa defensible if profile is consistent, but not a fallback for weak academics.",
    "operationalConfidence": "Use with caution",
    "sourceUrl": "https://www.liverpool.ac.uk/",
    "lastChecked": 46062,
    "confidence": "Medium"
  },
  {
    "id": "university-of-manchester",
    "name": "University of Manchester",
    "country": "uk",
    "countryDisplay": "UK",
    "city": "Manchester",
    "studyLevels": "UG + PG",
    "type": "Public",
    "popularity": "High",
    "whySelected": "Very common Indian choice because it combines credibility with strong international intake scale.",
    "costBand": "Higher",
    "visaRiskNotes": "Competitive and city costs are higher, so weak academics or thin finances increase risk.",
    "operationalConfidence": "Use with caution",
    "sourceUrl": "https://www.manchester.ac.uk/",
    "lastChecked": 46062,
    "confidence": "Medium"
  },
  {
    "id": "university-of-nottingham",
    "name": "University of Nottingham",
    "country": "uk",
    "countryDisplay": "UK",
    "city": "Nottingham",
    "studyLevels": "UG + PG",
    "type": "Public",
    "popularity": "High",
    "whySelected": "Popular because it is credible and still has large international intake capacity.",
    "costBand": "Mid",
    "visaRiskNotes": "Competitive enough that weak academics can be screened out.",
    "operationalConfidence": "Use with caution",
    "sourceUrl": "https://www.nottingham.ac.uk/",
    "lastChecked": 46062,
    "confidence": "Medium"
  },
  {
    "id": "university-of-oxford",
    "name": "University of Oxford",
    "country": "uk",
    "countryDisplay": "UK",
    "city": "Oxford",
    "studyLevels": "UG + PG",
    "type": "Public",
    "popularity": "Low",
    "whySelected": "Frequently asked by parents for credibility, but realistically only for exceptional profiles.",
    "costBand": "Higher",
    "visaRiskNotes": "Extremely selective, therefore not suitable for average profiles.",
    "operationalConfidence": "Do not recommend",
    "sourceUrl": "https://www.ox.ac.uk/",
    "lastChecked": 46062,
    "confidence": "Medium"
  },
  {
    "id": "university-of-portsmouth",
    "name": "University of Portsmouth",
    "country": "uk",
    "countryDisplay": "UK",
    "city": "Portsmouth",
    "studyLevels": "UG + PG",
    "type": "Public",
    "popularity": "Medium",
    "whySelected": "Practical public option with steady international admissions and a manageable campus footprint.",
    "costBand": "Mid",
    "visaRiskNotes": "Generally workable for coherent profiles, but avoid vague study intent.",
    "operationalConfidence": "Safe",
    "sourceUrl": "https://www.port.ac.uk/",
    "lastChecked": 46062,
    "confidence": "Medium"
  },
  {
    "id": "university-of-reading",
    "name": "University of Reading",
    "country": "uk",
    "countryDisplay": "UK",
    "city": "Reading",
    "studyLevels": "UG + PG",
    "type": "Public",
    "popularity": "Medium",
    "whySelected": "Often shortlisted as a credible option near London without being a central London cost base.",
    "costBand": "Higher",
    "visaRiskNotes": "Cost pressure can still be high in the area, therefore under funded cases are risky.",
    "operationalConfidence": "Use with caution",
    "sourceUrl": "https://www.reading.ac.uk/",
    "lastChecked": 46062,
    "confidence": "Medium"
  },
  {
    "id": "university-of-salford",
    "name": "University of Salford",
    "country": "uk",
    "countryDisplay": "UK",
    "city": "Salford",
    "studyLevels": "UG + PG",
    "type": "Public",
    "popularity": "Medium",
    "whySelected": "Considered as a practical Greater Manchester area option with international admissions experience.",
    "costBand": "Mid",
    "visaRiskNotes": "Generally workable, but weak intent or thin finances increase risk.",
    "operationalConfidence": "Use with caution",
    "sourceUrl": "https://www.salford.ac.uk/",
    "lastChecked": 46062,
    "confidence": "Medium"
  },
  {
    "id": "university-of-sheffield",
    "name": "University of Sheffield",
    "country": "uk",
    "countryDisplay": "UK",
    "city": "Sheffield",
    "studyLevels": "UG + PG",
    "type": "Public",
    "popularity": "Medium",
    "whySelected": "Common shortlist for credibility with a more manageable city cost profile than London.",
    "costBand": "Mid",
    "visaRiskNotes": "Competitive relative to budget universities, so average profiles need strong documentation.",
    "operationalConfidence": "Use with caution",
    "sourceUrl": "https://www.sheffield.ac.uk/",
    "lastChecked": 46062,
    "confidence": "Medium"
  },
  {
    "id": "university-of-southampton",
    "name": "University of Southampton",
    "country": "uk",
    "countryDisplay": "UK",
    "city": "Southampton",
    "studyLevels": "UG + PG",
    "type": "Public",
    "popularity": "Medium",
    "whySelected": "Regularly shortlisted as a credible Russell Group option outside London.",
    "costBand": "Mid",
    "visaRiskNotes": "Competitive and profile dependent, so weak academics or gaps raise risk.",
    "operationalConfidence": "Use with caution",
    "sourceUrl": "https://www.southampton.ac.uk/",
    "lastChecked": 46062,
    "confidence": "Medium"
  },
  {
    "id": "university-of-strathclyde",
    "name": "University of Strathclyde",
    "country": "uk",
    "countryDisplay": "UK",
    "city": "Glasgow",
    "studyLevels": "UG + PG",
    "type": "Public",
    "popularity": "Medium",
    "whySelected": "Frequently asked Scotland option with a practical reputation and international admissions track record.",
    "costBand": "Mid",
    "visaRiskNotes": "More selective than budget universities, so weak academics may not convert.",
    "operationalConfidence": "Use with caution",
    "sourceUrl": "https://www.strath.ac.uk/",
    "lastChecked": 46062,
    "confidence": "Medium"
  },
  {
    "id": "university-of-sunderland",
    "name": "University of Sunderland",
    "country": "uk",
    "countryDisplay": "UK",
    "city": "Sunderland",
    "studyLevels": "UG + PG",
    "type": "Public",
    "popularity": "Medium",
    "whySelected": "Budget city option with steady international admissions history.",
    "costBand": "Budget",
    "visaRiskNotes": "Not suitable for weak profiles with gaps or borderline finances due to credibility scrutiny risk.",
    "operationalConfidence": "Use with caution",
    "sourceUrl": "https://www.sunderland.ac.uk/",
    "lastChecked": 46062,
    "confidence": "Medium"
  },
  {
    "id": "university-of-surrey",
    "name": "University of Surrey",
    "country": "uk",
    "countryDisplay": "UK",
    "city": "Guildford",
    "studyLevels": "UG + PG",
    "type": "Public",
    "popularity": "Medium",
    "whySelected": "Frequently asked because of proximity to London with a public university profile.",
    "costBand": "Higher",
    "visaRiskNotes": "Expensive area, therefore budget constrained profiles face financial risk.",
    "operationalConfidence": "Use with caution",
    "sourceUrl": "https://www.surrey.ac.uk/",
    "lastChecked": 46062,
    "confidence": "Medium"
  },
  {
    "id": "university-of-sussex",
    "name": "University of Sussex",
    "country": "uk",
    "countryDisplay": "UK",
    "city": "Brighton",
    "studyLevels": "UG + PG",
    "type": "Public",
    "popularity": "Medium",
    "whySelected": "Often shortlisted as a credible southern option with steady international intake.",
    "costBand": "Higher",
    "visaRiskNotes": "Higher living costs in the south can stress budgets, so funding needs to be solid.",
    "operationalConfidence": "Use with caution",
    "sourceUrl": "https://www.sussex.ac.uk/",
    "lastChecked": 46062,
    "confidence": "Medium"
  },
  {
    "id": "university-of-the-arts-london",
    "name": "University of the Arts London",
    "country": "uk",
    "countryDisplay": "UK",
    "city": "London",
    "studyLevels": "UG + PG",
    "type": "Public",
    "popularity": "Medium",
    "whySelected": "Frequently asked by students targeting creative pathways, mainly because it is London based and well known.",
    "costBand": "Higher",
    "visaRiskNotes": "London costs are high and outcomes are portfolio dependent, so budget cases face risk.",
    "operationalConfidence": "Use with caution",
    "sourceUrl": "https://www.arts.ac.uk/",
    "lastChecked": 46062,
    "confidence": "Medium"
  },
  {
    "id": "university-of-warwick",
    "name": "University of Warwick",
    "country": "uk",
    "countryDisplay": "UK",
    "city": "Coventry",
    "studyLevels": "UG + PG",
    "type": "Public",
    "popularity": "Medium",
    "whySelected": "High credibility option Indians ask about, mostly for strong profiles.",
    "costBand": "Higher",
    "visaRiskNotes": "Selective, therefore not suitable for weak academics or unclear intent.",
    "operationalConfidence": "Use with caution",
    "sourceUrl": "https://warwick.ac.uk/",
    "lastChecked": 46062,
    "confidence": "Medium"
  },
  {
    "id": "university-of-westminster",
    "name": "University of Westminster",
    "country": "uk",
    "countryDisplay": "UK",
    "city": "London",
    "studyLevels": "UG + PG",
    "type": "Public",
    "popularity": "Medium",
    "whySelected": "Chosen mainly for London access and broad admissions pipeline.",
    "costBand": "Higher",
    "visaRiskNotes": "London cost pressure increases refusal risk for under funded students.",
    "operationalConfidence": "Use with caution",
    "sourceUrl": "https://www.westminster.ac.uk/",
    "lastChecked": 46062,
    "confidence": "Medium"
  },
  {
    "id": "university-of-york",
    "name": "University of York",
    "country": "uk",
    "countryDisplay": "UK",
    "city": "York",
    "studyLevels": "UG + PG",
    "type": "Public",
    "popularity": "Low",
    "whySelected": "Selective reference option with steady international intake, but not a common mass target.",
    "costBand": "Higher",
    "visaRiskNotes": "Selective and cost pressure can be material, so average profiles face risk.",
    "operationalConfidence": "Use with caution",
    "sourceUrl": "https://www.york.ac.uk/",
    "lastChecked": 46062,
    "confidence": "Medium"
  }
]